dar;6748;3961;3683
por;3010;1527;2012
parar;2335;1155;949
art;1077;783;913
lei;883;1026;757
adpf;149;1468;350
arguicao_de_descumprimento_de_preceito_fundamental;169;1049;709
acao;364;870;584
decisao;329;537;700
constitucional;356;998;275
ato;441;746;400
ministro;207;447;664
min;33;687;150
relator;100;406;506
saude;1081;24;30
sua;649;224;284
subsidiariedade;33;959;157
presente;216;401;528
rel;23;643;87
caso;419;443;208
direito;601;216;136
dever;520;248;193
processo;241;334;364
principiar;238;514;152
arguicao;96;415;393
supremo_tribunal_federal;138;387;352
pedido;212;99;529
nacional;591;80;106
processual;40;644;154
objeto;123;268;408
publicar;473;56;279
artigo;292;88;298
impugnar;171;349;276
norma;205;308;245
constituicao;220;341;198
dje;22;466;119
plenario;90;198;281
prever;391;199;168
juridico;236;328;179
requisito;77;497;153
judicial;125;388;192
precedente;38;494;148
julgar;62;260;315
adir;75;344;131
forma;317;274;111
medida;487;133;69
df;84;282;103
agravo_regimental;9;445;183
sentido;179;325;193
termo;236;131;293
agr;7;510;61
ii;411;107;141
efeito;166;179;303
federal;316;146;125
situacao;233;346;53
sanar;5;537;36
julgamento;83;178;332
objectivo;126;365;86
controversia;31;502;67
brasileiro;357;107;85
estadual;157;287;120
covid;548;15;19
decreto;300;105;106
ministerio;512;21;24
auto;129;110;302
municipal;144;250;154
atar;321;58;159
municipio;281;66;163
recurso;105;173;259
vacinacao;456;9;7
tratar;222;103;222
proprio;218;204;142
tribunal;81;175;267
administrativo;337;102;89
normativo;140;206;170
inciso;201;43;201
conhecimento;85;160;265
sistema;284;179;45
ausencia;135;247;122
prazo;333;23;121
lesividade;2;517;16
controlo;175;262;73
competencia;302;90;108
uniao;394;26;56
corte;80;229;195
iii;343;69;85
tribunal_pleno;11;351;59
jurisprudencia;41;287;193
merito;99;70;331
constituicao_federal;171;147;187
considerar;266;127;111
preceito_fundamental;27;367;82
estabelecer;336;92;68
dj;3;300;22
analisar;227;151;108
cf;223;68;76
ordem;149;180;130
eficaz;28;453;9
lesao;23;301;54
informacao;326;23;110
adv;6;3;23
seguinte;236;93;159
novo;288;50;122
via;63;277;91
eleitoral;50;37;301
necessario;231;159;72
geral;177;215;58
documento;217;46;177
social;342;21;50
preceitos_fundamentais;127;164;125
dia;297;6;95
questao;128;175;154
concreto;62;287;96
caput;195;68;117
portaria;299;22;74
doc;171;24;202
unico;183;149;89
instrumento;57;339;36
relacao;241;79;96
especial;197;96;118
plano;327;49;20
eletronico;234;63;86
provimento;24;212;160
requerente;158;79;176
modo;154;163;100
pessoa;332;20;19
orgao;218;93;95
ambito;191;113;102
autoridade;292;38;64
ano;309;7;45
medida_cautelar;157;22;221
inconstitucionalidade;94;115;181
determinar;254;21;125
cabimento;14;287;97
c;107;81;126
referido;185;94;102
acao_direta_de_inconstitucionalidade;16;221;137
protecao;273;76;16
parecer;170;83;132
poder_publico;84;213;71
hipotese;89;166;136
fundamento;93;130;160
negar;21;206;140
ajuizamento;18;289;73
violacao;159;93;127
questionar;92;169;126
voto;54;44;211
apresentar;205;54;116
autor;86;119;168
interpretacao;78;86;204
possibilidade;109;200;65
exercicio;209;81;70
distrito_federal;160;22;87
requerer;188;13;151
existencia;69;223;59
razao;136;115;108
brasil;279;8;36
tender;138;116;108
recursal;5;283;48
seguranca;196;106;42
resolucao;124;64;123
exame;111;140;96
reconhecer;134;70;141
possivel;123;143;50
servico;278;17;11
inicial;132;81;131
materia;104;82;161
descumprimento;40;215;85
acordao;39;99;192
presidente_da_republica;164;21;78
pedir;135;33;171
imediato;80;220;44
relevante;54;262;24
observar;190;70;85
direto;61;156;107
carater;103;180;59
registro;170;20;112
celso_de_mello;9;278;19
ricardo_lewandowski;35;136;70
legal;140;98;89
dispositivo;124;84;118
presidente;85;16;133
atividade;278;20;20
iv;184;76;63
vista;113;122;88
vacina;290;0;0
eleicao;24;4;237
abstrato;11;252;60
vez;162;76;80
partido;76;28;164
agravo;33;169;97
natureza;77;158;73
apto;10;280;26
pandemia;269;24;14
afirmar;165;78;73
expor;85;71;151
ato_normativo;44;211;48
ponto;111;34;46
alegado;72;157;59
alar;204;54;48
acesso;207;67;17
entendimento;61;111;129
dispor;163;82;61
aplicacao;102;113;88
alexandre_de_moraes;17;110;101
risco;251;13;18
stf;84;127;79
decorrente;156;95;52
sede;44;161;94
proferido;34;98;169
mau;171;61;65
eficacia;124;81;89
encontrar;116;83;50
exigir;151;94;28
fato;123;65;94
apontar;97;115;77
admitir;34;212;51
ofensa;65;141;71
perda;20;19;236
constitucionalidade;21;177;79
ocorrer;135;46;103
utilizar;106;155;17
interesse;72;127;82
condicao;159;52;75
caber;97;133;45
adequado;100;117;69
fl;142;13;116
adotar;175;31;66
utilizacao;58;193;23
monocratico;12;105;78
apo;132;9;121
face;63;77;135
ementa;39;122;87
principio;167;38;68
formular;78;39;157
realizar;187;21;56
procedimento;184;19;53
populacao;255;1;3
paragrafar;118;104;44
entender;83;94;89
realizacao;194;23;37
evidenciar;146;86;27
sanitario;242;4;6
local;154;78;25
economico;208;18;24
defesa;188;42;14
brasilia;34;4;217
seguimento;12;82;162
individual;88;152;4
liminar;72;12;169
sustentar;142;31;89
manifestacao;114;22;114
impugnacao;21;146;89
base;144;36;79
legislativo;112;56;86
arts;117;44;89
relatoria;27;150;58
atuacao;181;31;33
conhecido;28;110;114
conferir;84;73;97
representacao;33;35;122
eventual;87;100;64
texto;81;139;28
dias_toffoli;10;99;70
regra;90;110;42
ente;199;21;23
cargo;59;4;152
edoc;75;9;132
relatorio;68;16;155
necessidade;149;49;47
mc;34;127;13
diverso;128;60;54
acordo;142;61;25
preceito;52;99;46
legitimidade;26;81;119
contexto;125;91;25
uso;156;68;12
criterio;152;54;33
tecnica;193;10;18
politica;180;34;23
respectivo;155;35;48
pleno;44;129;28
permitir;135;55;46
edson_fachin;8;96;70
praticar;102;30;92
pai;204;4;15
gilmar_mendes;8;114;63
capaz;20;204;13
veicular;128;38;53
revelar;53;132;43
observancia;69;119;30
especificar;91;87;52
demonstrar;83;103;47
decidir;53;36;145
respeito;127;60;42
suprema_corte;66;100;63
amplo;59;154;21
regulamentar;128;69;25
dezembro;113;32;73
carmen_lucia;2;99;70
advogado_geral_da_uniao;35;10;89
omissao;89;57;74
peticao_inicial;27;99;94
data;106;42;60
verificar;66;97;58
suspensao;97;10;106
ordinario;17;114;82
codigo;69;14;125
conhecer;8;78;120
alegar;117;29;73
maior;161;28;25
autorizar;122;54;40
educacao;174;8;16
tese;38;79;96
subjetivo;10;182;23
pretensao;45;93;77
ms;131;21;20
mecanismo;33;158;0
b;120;21;52
ativo;38;62;86
prestar;105;49;54
pressuposto;9;153;34
internacional;165;15;13
contar;160;16;27
assentar;53;100;58
manifestar;62;22;124
atender;83;104;22
liberdade;144;8;35
justica;94;46;60
determinado;151;21;33
impedir;78;79;50
inobservancia;29;135;44
inelegibilidade;6;1;168
funcao;92;59;40
ajuizado;25;69;108
tribunal_de_justica;10;96;80
destacar;96;73;34
prefeito;29;40;86
arguente;42;71;91
justificar;61;89;41
exigencia;137;42;22
cabivel;10;147;41
diretor;156;16;24
programa;163;4;5
limite;129;27;28
grifar;95;81;25
existir;64;111;20
constituir;88;62;48
afastar;38;86;74
regional;40;15;123
mencionar;109;41;43
instituicao;168;16;7
empresa;151;17;10
lei_complementar;76;13;88
proposta;56;38;97
alteracao;94;6;94
transitar;59;50;71
roberto_barroso;27;84;32
declarar;72;14;105
senhor;26;17;110
militar;117;5;23
legislacao;96;69;26
disponivel;124;59;4
governo_federal;170;11;10
declaracao;61;17;111
tutela;62;78;42
supremo;28;90;71
contrariar;96;49;45
civil;105;26;52
vida;169;2;7
mandar;18;103;31
inexistencia;22;124;35
financeiro;158;8;9
entidade;120;31;30
tema;70;61;51
material;82;64;20
legitimar;30;104;49
evento;154;4;8
incluir;109;61;12
constituicao_da_republica;42;77;66
superveniente;6;17;159
pagamento;133;21;8
possuir;72;66;46
imunizacao;171;0;2
sessao;26;7;111
previsao;94;61;27
sp;37;57;39
prejudicar;25;26;128
promover;146;13;20
partir;113;25;38
membro;54;22;98
anterior;49;91;38
acercar;99;43;36
sao_paulo;58;61;37
mostrar;40;111;20
momento;99;38;41
indicar;85;30;51
ensino;146;16;4
pena;89;53;31
luiz_fux;1;58;65
causar;62;74;37
rosa_weber;5;53;64
fundamental;86;53;36
especie;33;88;55
disposto;98;45;34
atendimento;96;58;18
politicar;91;21;54
juizo;73;54;42
concessao;79;29;65
instituto;78;45;36
firmar;58;71;46
execucao;105;21;41
sucedaneo;4;151;16
ficar;109;15;45
evitar;71;79;24
cumprimento;110;18;43
aplicar;82;27;65
ressaltar;93;36;36
jurisdicional;26;101;45
submeter;66;66;35
governo;143;6;10
violar;63;71;38
exercer;88;44;34
controle_de_constitucionalidade;17;128;25
revogar;46;47;63
prova;93;40;17
impossibilidade;25;81;61
estatal;62;69;28
enem;118;1;2
nota;128;9;19
maneira;55;81;24
destinar;90;58;18
controle_concentrado;5;146;18
coletivo;72;85;3
razoar;52;45;68
mero;38;90;37
contrato;131;13;7
area;142;15;1
editar;86;39;37
demanda;78;27;56
pleito;32;19;112
diploma;40;37;79
deferir;78;7;80
cientificar;143;11;2
crianca;142;2;0
solucao;59;93;9
proc;1;1;5
organizacao;139;9;9
secretaria;128;3;13
regimento_interno;12;8;135
quadro;95;17;47
prejuizo;95;20;46
postulado;18;120;19
peticao;58;6;81
manter;95;10;53
so;62;75;21
pretender;52;64;42
configurar;57;64;38
levar;116;19;22
busca;61;45;43
admissibilidade;5;140;11
tribunal_superior_eleitoral;8;9;130
territorio;131;11;8
assegurar;133;12;9
grave;123;14;17
cumprir;75;51;22
controle_concentrado_de_constitucionalidade;5;113;36
essencial;68;69;16
definir;105;31;18
congresso_nacional;42;13;74
causa;24;29;99
preliminar;45;31;75
poder_judiciario;80;19;50
representar;100;24;25
publico;126;17;8
fixar;70;15;66
final;74;8;64
exemplo;69;65;15
taxa;130;1;5
improcedencia;28;9;107
garantia;109;16;20
envolver;66;48;34
alegacao;50;45;55
redacao;72;4;58
doer;81;23;33
superior;95;18;27
relacionar;119;13;15
privado;123;7;7
pag;107;12;29
tratamento;131;4;4
tecnico;134;4;8
negativo;23;92;31
executivo;94;29;23
embargos_de_declaracao;1;26;93
atribuicao;94;20;31
trazer;69;13;59
passar;88;25;27
carta;53;54;38
agravante;9;70;65
adolescente;138;0;0
penal;81;18;38
item;112;5;9
deixar;93;21;31
conteudo;45;55;44
ambiental;102;9;8
providenciar;95;27;22
efetivo;81;41;21
defender;59;38;46
ultimar;66;42;34
teor;67;27;48
revogacao;13;15;108
marco;58;3;72
tornar;62;56;24
legalidade;78;39;24
impor;54;40;48
candidato;48;6;74
relativo;97;23;22
oxigenio;118;1;0
marco_aurelio;2;80;29
intervencao;82;37;16
controle_abstrato_de_constitucionalidade;6;110;24
conselho;85;14;23
visar;79;29;32
intdo;3;2;12
incidental;34;46;30
garantir;125;4;10
diretorio;12;28;67
cautelar;68;9;57
caracterizar;30;74;36
autonomia;97;21;15
disposicao;64;42;32
regime;95;12;24
parametro;53;57;28
indicacao;34;47;48
tse;5;15;108
ordenamento;26;75;36
discutir;30;43;62
tomar;97;23;17
previo;54;60;17
grupo;116;5;4
chefe;42;9;32
atual;91;22;20
argumento;42;39;56
virtual;33;8;71
validade;49;39;41
linha;69;38;26
finalidade;68;44;19
agravar;21;35;75
procurador_geral_da_republica;37;19;78
detran;85;1;20
conjunto;56;25;38
organico;32;28;60
efetividade;26;103;5
assinar;27;2;103
administracao_publica;99;11;22
requerimento;71;9;47
interpor;4;18;107
autorizacao;102;14;9
periodo;103;4;19
investigacao;59;6;55
incidencia;39;24;66
idoneo;5;119;1
apreciacao;37;44;49
agdo;0;0;3
significar;51;73;6
responsavel;109;6;14
referir;54;41;35
orientacao;66;28;34
informar;92;7;29
elemento;36;49;35
concluir;63;21;40
produto;106;2;2
preservacao;47;28;8
instauracao;26;65;36
sumular;21;41;58
relevancia;34;66;28
partido_politico;9;27;81
indole;14;114;1
enfrentamento;92;25;6
edital;85;10;12
ed;32;76;14
doenca;115;0;0
campo;63;10;33
aprovar;114;4;8
saude_publica;117;3;6
inquerito;40;8;70
inc;29;27;58
governador;41;14;53
concentrado;5;109;12
reger;25;88;14
posto;45;36;44
manaus;111;2;2
constante;62;16;38
citar;51;51;24
habeas_corpus;25;52;34
argumentar;79;16;30
profissional;100;10;9
mandato;7;7;104
indireto;45;54;22
implicar;37;37;51
grifo;24;74;26
anvisa;110;0;1
conceder;84;0;36
interno;39;26;49
conclusao;53;33;34
atos_normativos;26;60;29
vistoria;86;1;9
unidade;101;11;5
restricao;99;5;7
reducao;101;0;17
fevereiro;76;6;35
edicao;77;19;24
ameaca;33;22;19
minimo;87;17;13
falta;58;32;27
extincao;28;7;80
dose;91;1;1
camara_municipal;15;5;72
adocao;81;20;19
suposto;31;67;20
ristf;4;10;101
meio_ambiente;101;5;4
judiciario;71;26;22
asseverar;63;25;32
urgencia;69;8;31
rj;10;56;38
reg;0;7;36
livre;82;15;11
fiscalizacao;40;62;15
coronavirus;109;0;4
agrotoxico;92;1;0
ag;1;7;71
aduzir;68;11;40
rol;79;17;13
rer;27;43;39
propositura;6;67;41
numerar;94;6;7
janeiro;85;2;22
instituir;79;26;11
exaurimento;2;57;50
criar;86;8;20
agenciar;102;4;5
voltar;74;12;29
titular;35;12;62
republicar;75;19;15
reconhecimento;42;18;55
prover;14;68;33
ex;29;20;44
devido;65;23;27
atribuir;51;25;38
aprovacao;93;12;6
setembro;77;1;32
registrar;76;13;24
emergencia;110;1;0
doutrina;24;84;7
servidor;52;33;21
policiar;85;4;13
partidario;25;24;50
motivo;65;22;22
combate;90;12;10
alterar;67;10;37
restar;24;26;61
receber;67;8;27
real;45;54;5
proposito;29;56;23
fatico;48;11;53
constatar;24;66;22
circunstanciar;48;36;27
indeferimento;28;14;66
democratico;51;7;50
comissao;64;10;22
negro;7;11;91
identificacao;84;2;10
cessar;5;102;4
projeto;66;19;18
direitos_humanos;94;0;3
beneficiar;80;2;18
repercussao_geral;13;58;29
obrigacao;84;14;10
ix;35;7;59
discussao;25;60;23
crime;78;1;16
abril;63;0;38
unanimidade;12;2;78
seguranca_juridica;35;25;44
resultante;7;84;4
expressar;51;16;41
vigencia;43;18;42
valer;48;53;6
suspender;68;2;33
sociedade;97;3;5
recurso_extraordinario;7;60;32
medicar;96;0;5
examinar;31;36;40
estabelecimento;82;9;9
comunicacao;89;2;5
cidadao;82;1;20
agir;41;18;43
advocacia_geral_da_uniao;43;8;51
reflexo;10;68;24
poder_executivo;59;13;32
incabivel;3;92;11
hora;82;12;4
federado;88;12;5
estrangeiro;88;4;10
vincular;44;18;41
reparar;7;84;14
reajuste;69;13;4
partido_dos_trabalhadores;15;6;49
obrigatorio;62;30;11
curso;55;12;34
competir;69;16;18
advogado;24;4;61
seguranca_publica;61;9;20
resultar;21;37;44
popular;35;41;24
determinacao;77;6;20
compreender;46;39;18
coisa;20;46;17
rio_de_janeiro;37;14;27
isencao;93;0;1
institucional;75;11;17
estudo;90;3;4
consequencia;49;11;43
comprovar;66;27;8
comprovacao;67;29;4
politicas_publicas;88;10;1
jurisdicao;25;44;28
identificar;53;27;11
excepcional;56;20;22
referente;69;11;21
prevencao;53;4;37
paciente;90;0;0
omissivo;10;74;7
despacho;51;6;40
capacidade;83;8;7
maximo;81;8;7
inscricao;80;2;3
alinea;29;4;56
afronta;41;31;28
vigor;76;8;15
vedacao;53;10;29
solicitar;66;2;31
publicacao;57;9;25
distribuicao;53;24;19
clausular;42;45;10
cear;26;20;19
carlos;5;63;21
substituir;50;39;9
oficiar;60;1;24
julho;69;1;20
improvido;0;98;0
economia;78;5;6
america;72;10;1
vii;67;12;18
seguir;72;7;13
procedencia;32;4;56
pleitear;46;8;43
parcial;23;7;61
juiz;34;9;44
inscrever;25;59;11
avaliacao;88;2;1
regiao;71;7;8
produzir;53;13;24
oficial;66;11;8
milhao;69;1;0
lc;26;9;46
integrar;55;15;20
inconstitucional;43;14;38
comum;72;15;9
agosto;48;2;44
potencialidade;1;94;0
pessoal;74;8;7
obter;55;22;18
minas_gerais;35;8;30
dano;35;39;14
constar;64;2;23
venezuelano;67;14;5
suscitar;13;50;30
sintese;54;10;30
relatar;26;12;54
reiterar;39;25;29
prestacao;70;14;10
existente;31;50;13
consagrar;20;67;6
barbosa;2;44;7
universidade;74;5;6
suficiente;37;37;19
responsabilidade;71;4;14
producao;75;11;4
policial;56;4;16
noticiar;68;7;15
luis_roberto_barroso;7;21;58
imprensa;73;5;8
federacao;57;9;7
certo;54;21;18
ad;27;18;40
acompanhar;39;15;31
abuso;21;8;54
retirar;61;19;9
pesquisa;75;3;2
medida_liminar;33;13;46
eleger;24;24;44
desenvolvimento;81;7;2
conduta;55;4;30
associacao;30;21;17
alcance;27;48;16
procuradoria_geral_da_republica;13;14;62
partido_socialismo_e_liberdade;5;1;39
morte;62;2;14
forca;51;7;32
competente;58;10;23
sistematico;21;53;15
incompativel;24;48;18
cenario;74;5;9
procurador_geral_do_estado;1;0;5
orcamentar;55;7;13
interessado;42;32;14
integrante;42;22;24
danoso;2;86;1
cidadania;30;0;31
cassacao;17;1;69
ans;61;4;11
agente;61;11;6
reqte;4;1;6
republicano;24;3;46
mes;72;0;9
forcar;71;2;3
fase;61;8;13
anexo;75;1;8
vereador;28;1;36
participacao;57;4;21
junho;45;1;34
invocar;18;38;31
infraconstitucional;15;53;19
https;79;0;3
federativo;62;8;15
condicionar;14;63;9
compulsorio;76;8;2
aptar;13;56;18
amicus_curiae;12;17;46
agu;50;9;26
tramitar;4;47;31
trabalhador;57;0;9
rtj;1;53;4
presenca;23;39;13
classe;23;28;27
atuar;55;16;13
alcancar;40;22;24
administracao;66;7;9
viii;36;6;42
solver;0;84;1
novembro;32;5;43
nivel;79;3;0
melhor;67;8;8
lado;36;23;12
expressao;47;21;12
estrutura;69;6;5
esfera;55;11;18
dividir;69;2;3
cpc;9;11;61
consubstanciar;32;22;26
agremiacao;24;15;43
virtude;31;22;30
revestir;9;63;12
regular;43;17;22
particular;53;17;14
ocorrencia;57;9;16
juntar;32;5;44
indeferir;12;28;42
decorrencia;30;20;30
convocacao;34;12;32
consumidor;63;6;2
vinculante;15;34;33
tutela_provisoria;23;11;24
turma;5;28;35
partido_socialista_brasileiro;8;5;28
colocar;67;11;4
suplementar;58;5;13
secovid;38;0;1
rede;74;6;0
mesa_diretora;2;3;71
indicado;33;22;23
imposto;61;11;8
declaratorio;1;35;45
contido;28;19;34
campanha;72;1;5
rede_sustentabilidade;28;3;29
medir;35;0;0
ensejar;20;29;32
superior_tribunal_de_justica;7;14;48
substancial;14;4;60
revisao;23;29;21
requisicao;66;2;3
recomendacao;73;0;4
promocao;68;3;5
principal;54;15;11
legislador;25;35;14
familia;70;1;4
definitivo;28;16;35
contemplar;51;18;10
conformidade;26;9;45
bolsonaro;46;1;0
aptidao;3;72;5
prejudicialidade;5;12;59
inadequacao;11;34;33
grau;32;19;24
gerar;62;5;10
franco;70;2;1
direitos_fundamentais;66;6;7
crise;65;12;2
crfb;24;8;25
apoiar;61;4;9
alto;59;2;11
abastecimento;71;2;4
qualidade;38;4;28
psb;10;3;27
luz;47;10;20
limitacao;57;4;11
indice;52;15;2
deferimento;45;5;25
casa;34;6;33
aspecto;44;22;12
vigente;36;19;21
versar;19;15;43
silva;15;0;13
semelhante;17;40;20
implementacao;67;5;2
grande;66;4;5
gestao;70;2;5
direito_constitucional;23;23;25
complexo;22;29;24
verificacao;12;4;7
pronunciamento;18;36;22
procedente;19;7;50
mudanca;40;1;32
incidir;19;36;21
importante;45;24;6
duvidar;33;28;14
candidatura;4;2;66
agte;0;0;5
agricultura;66;2;6
zona;66;3;0
superar;26;35;13
recepcao;9;25;39
realidade;40;26;8
qo;0;66;4
public;3;49;15
propor;25;24;24
ministerio_publico;28;5;39
jurisprudencial;7;27;40
investigar;31;3;28
estudante;61;0;2
depender;45;15;13
creditar;63;2;1
consistente;17;49;8
assinalar;37;26;12
acrescentar;40;18;17
vice;8;2;56
viabilizar;35;28;11
rescisorio;0;54;19
proteger;56;5;11
potencial;46;14;9
posterior;36;3;29
operacionalizacao;69;0;0
mundial;69;0;0
listar;37;0;31
implementar;71;2;1
fundo;49;6;16
formal;19;36;19
definicao;50;10;13
consideracao;42;17;15
claro;43;14;15
transcrever;26;8;39
sentenca;16;14;40
rito;15;4;54
referendo;32;2;27
propriedade;51;16;1
manutencao;53;5;13
jurisdicao_constitucional;8;53;11
instancia;15;32;25
ilegitimidade;11;25;34
baixo;66;0;1
aquisicao;65;0;1
apreciado;3;46;24
vacinar;65;0;0
perigo;62;6;2
indigena;63;1;0
explicitar;32;29;11
estrategico;65;5;0
devido_processo_legal;37;7;27
anotar;23;29;20
sc;10;36;23
referendar;45;1;25
razoavel;35;12;22
mundo;66;2;1
mulher;55;2;6
modalidade;40;25;3
merecer;21;11;39
humano;65;0;2
cid;6;0;0
autonomo;20;35;6
viavel;7;49;4
terra;50;17;1
resultado;47;11;10
recorrente;14;11;37
protocolo;67;1;0
pressupor;10;48;10
prescricao;23;10;31
maio;33;3;31
jair;38;0;0
interpretar;12;24;29
fundamentar;39;18;12
enfrentar;43;8;16
distinto;52;9;6
diplomata;38;16;11
denominar;35;25;4
britto;2;61;3
atualizacao;57;5;3
atingir;50;5;13
assistencia;69;0;1
agropecuario;58;2;2
adequacao;25;19;22
tribunal_de_contas;26;3;10
total;53;3;11
pretendido;21;30;17
policia_federal;41;1;4
parlamentar;18;8;37
obstar;9;43;17
luiz;12;2;20
justificativo;64;0;2
ingresso;18;5;42
goias;21;1;19
fisico;61;5;1
esgotamento;6;31;3
desprover;6;45;17
decorrer;33;10;25
cronograma;62;0;3
consolidado;14;29;25
consignar;34;19;15
comando;45;7;15
ajuizar;11;21;36
tacito;60;2;5
recorrer;8;20;38
pecar;28;6;33
participar;35;3;27
oportunidade;34;10;23
limitar;44;7;16
deter;11;32;24
desenvolver;61;3;4
descrever;30;7;27
criacao;54;2;11
apresentacao;63;0;3
universitario;54;4;4
tocante;35;16;16
situar;36;16;5
sanches;0;66;1
retorno;60;0;4
procedibilidade;0;65;2
problema;40;18;4
privativo;46;13;8
poder_legislativo;26;14;27
pecuaria;59;0;5
pais;61;0;1
obstante;29;21;17
nulidade;24;4;38
mauro;0;0;4
lugar;41;9;13
intimar;19;1;44
inexistir;16;34;17
galvao;0;60;2
funcionamento;50;11;4
contribuicao;52;7;7
aludir;26;6;35
acarretar;27;15;25
sydney;0;64;2
recomendar;62;3;0
preventivo;25;31;7
preencher;14;27;24
obice;10;34;22
neutralizar;0;64;1
inviabilidade;5;50;11
instaurar;15;25;25
extraordinario;24;28;10
divulg;2;48;14
criminal;42;1;15
seguro;60;2;1
proporcionalidade;43;11;6
medico;48;0;2
iniciativa;44;7;12
incluido;40;3;8
extrair;17;31;17
erro;21;11;32
enfatizar;28;26;11
criticar;31;31;0
cobranca;50;8;0
chegar;23;21;17
beneficio;59;0;3
vigilancia;62;0;0
pet;5;13;30
partido_democratico_trabalhista;6;2;30
opinar;10;7;47
operacao;47;0;6
natural;46;3;12
narrar;44;8;12
mapa;53;1;4
interposicao;0;33;31
insumo;60;2;1
ilmar;0;60;0
divulgacao;55;1;2
deduzir;12;28;24
contraditorio;36;8;19
consistir;28;21;13
buscar;28;21;14
basico;46;15;3
aumento;55;0;7
ampliar;23;33;8
vedar;29;8;26
suspensivo;2;6;53
sancao;39;3;20
representante;53;1;2
ref;17;31;10
querer;39;6;9
preso;52;1;8
presidencial;21;15;15
posicao;40;13;9
pa;1;60;1
originar;14;27;19
mg;10;20;31
inclusao;51;2;9
fiscal;48;6;5
extinto;8;16;39
escola;54;0;2
disciplinar;25;4;32
disciplina;30;16;17
consequente;12;23;28
compreensao;16;33;13
cidade;37;3;2
anual;49;3;10
abono;41;0;1
santo;15;1;6
retrocesso;51;5;5
presencial;55;1;5
positivo;7;44;9
periculum_in_mora;30;2;30
indevido;31;8;23
governamental;51;6;5
eficiencia;54;2;3
conter;33;16;4
camar;23;1;27
ab;0;2;8
separacao_dos_poderes;33;15;12
reeleicao;9;1;46
receita;57;1;0
proceder;28;11;20
prisao;15;1;38
postular;12;19;30
pis;52;2;3
origem;33;7;18
irregularidade;27;6;22
inviabilizar;12;34;15
cuidar;40;4;17
condenacao;10;2;48
calcular;51;5;0
atualizar;57;1;0
assembleia_legislativa;5;0;49
am;4;2;7
preservar;38;17;5
partidos_politicos;11;13;36
outubro;21;3;25
impacto;56;1;1
encaminhar;40;2;10
diplomatico;47;4;1
confirmacao;22;23;14
tratado;45;7;4
servir;24;30;4
previdencia;44;3;5
pertinente;25;18;16
passo;28;8;23
pags;41;4;14
jornada;41;4;5
inserir;38;7;14
ilicito;23;3;30
estado_democratico_de_direito;30;11;16
confirmar;38;4;12
cobertura;54;0;2
bastar;10;46;3
visita;36;0;7
salientar;28;16;14
referenciar;24;21;12
redator;3;28;15
presidencia;8;3;46
planejamento;55;0;2
modificacao;26;3;29
manejo;12;36;10
instrucao;31;4;19
guarulhos;28;2;17
fixacao;25;18;15
epidemiologico;58;0;0
dirigir;14;32;11
desprovimento;1;44;12
contratacao;45;3;7
cientifico;56;1;0
central;50;0;7
afastamento;19;2;37
xiv;22;0;35
vara;14;3;29
tributar;38;8;3
recebimento;42;3;8
passivel;12;31;14
liberdade_de_expressao;40;7;9
jornalista;40;1;9
inss;39;6;3
formacao;32;9;15
evidente;28;9;20
ementado;19;11;27
divulgar;56;0;1
diario;38;4;12
demandar;31;24;2
copa;48;3;1
confederacao;25;5;26
cheque;48;1;0
assentimento;45;2;4
tabela;48;2;4
subsidiar;13;37;4
rs;7;25;7
residual;2;25;27
renda;48;0;0
proibicao;30;6;16
predeterminado;29;19;7
inutilidade;1;5;1
integral;37;3;16
inadmissibilidade;7;32;16
importancia;45;7;3
idade;52;0;0
habilitacao;41;2;3
exterior;45;2;5
direito_fundamental;41;6;7
dignidade_da_pessoa_humana;46;6;2
demonstracao;11;36;5
assessorar;6;0;0
apuracao;39;4;9
agentes_publicos;51;1;2
xiii;31;17;5
traduzir;28;21;6
sr;34;1;18
restringir;40;10;5
recente;28;9;16
prioridade;51;0;2
pr;7;14;25
permanente;51;1;2
mec;48;2;1
initio;0;1;2
individuo;39;5;9
identico;4;39;12
extrato;8;11;25
excluir;30;7;17
estrito;36;6;13
emprego;35;6;13
emenda;15;6;30
disponibilizar;52;0;3
convencao;45;2;0
amparo;21;28;6
universal;35;7;12
tributario;30;7;4
titulo;34;6;11
temporario;24;7;19
salarial;33;0;3
reduzir;48;4;1
publicidade;47;3;3
provocar;25;13;15
prosseguimento;7;6;40
processamento;11;20;23
participante;54;0;0
pacificar;4;25;23
ostentar;9;29;16
menstrual;40;1;1
jose;29;1;10
formulacao;31;17;6
emenda_constitucional;25;10;15
distribuir;19;3;29
deliberacao;23;11;20
comunidade;50;1;1
casu;7;23;20
acolher;19;4;30
vencer;4;3;39
roberto;2;31;10
pfizer;53;0;0
ocasiao;19;4;27
medicamento;47;1;1
longo;46;3;4
fundado;32;14;7
filho;28;2;17
exclusivo;37;6;9
democracia;37;4;10
corresponder;36;11;4
copiar;17;12;19
combater;37;7;9
abranger;30;3;19
veiculo;40;4;5
suspenso;24;0;27
rumo;8;0;0
reserva;28;10;9
pt;23;3;21
inadmissivel;1;43;8
ilegal;8;32;12
eletivo;0;0;48
dimensao;22;28;2
contradicao;3;4;41
conflito;29;14;9
br;48;1;0
bojo;13;9;30
barroso;3;31;0
amplitude;17;30;5
amazona;43;0;3
al;4;8;25
transporte;36;3;2
teori_zavascki;0;44;5
solidariedade;4;2;31
resposta;33;7;11
resolver;17;25;9
pertencer;8;33;3
papel;36;5;9
obrigatoriedade;40;2;7
limitado;25;14;12
imovel;41;1;4
habitante;17;1;0
difuso;6;43;2
alves;3;20;7
acordar;4;3;44
absoluto;31;6;14
solucionar;1;38;8
simples;23;13;14
setor;46;1;1
saraiva;7;42;0
professor;30;10;8
prioritario;46;2;0
previdenciario;41;3;4
pb;3;25;20
opcao;42;3;1
oferecer;35;14;1
nunes_marques;5;6;13
nomeacao;10;10;28
generico;14;24;11
esclarecer;38;2;9
direcao;27;12;7
diferente;40;5;4
decidido;12;14;24
contrariedade;26;13;10
ausente;17;13;20
assunto;44;4;2
transmissao;44;4;0
questionamento;6;25;16
posse;16;11;17
perder;14;21;14
osicao;0;0;5
magno;22;16;11
leitura;13;28;8
jogo;33;7;8
importar;26;9;13
genero;9;4;31
emitir;41;2;4
eminente;11;6;30
despesa;45;0;0
departamento;31;3;13
cofins;39;2;4
atacar;13;14;21
armar;40;1;3
regulamentacao;38;5;2
psol;6;0;38
preenchimento;2;24;20
precaucao;42;3;0
perspectiva;25;21;2
parana;16;3;15
oposto;5;11;32
monetario;37;8;2
legislar;40;3;5
junto;35;3;7
integridade;28;18;2
integracao;35;11;2
infracao;31;2;9
incidente;25;1;21
hospitalar;43;2;1
gab;43;0;2
faixa;44;0;0
externo;41;1;6
emanar;16;9;18
elaborar;38;3;6
custo;45;0;1
cultural;38;6;2
concernente;24;17;7
banco;44;0;3
auxiliar;36;3;6
viola;35;3;9
qualificar;7;38;2
premissa;14;10;23
ponderar;29;8;10
moralidade;32;5;10
leito;42;0;0
joaquim;2;44;1
isonomia;17;11;19
fossar;14;19;14
faculdade;33;2;8
depreender;11;29;7
demorar;39;4;4
continuar;38;1;5
comprometer;39;4;4
compor;26;4;15
complementar;31;1;12
comorbidades;42;0;0
comite;41;1;0
capital;41;1;4
ampla_defesa;30;6;11
virus;42;0;0
preciso;22;20;4
possibilitar;27;6;13
porto;14;2;16
medio;44;1;1
liv;27;5;14
liberacao;41;1;3
judiciar;23;7;14
interesse_publico;34;10;2
inexistente;2;35;9
imunizantes;44;1;0
igualdade;32;5;8
goiania;4;2;25
fumus_boni_iuris;22;5;19
deficiencia;43;0;0
conduzir;14;7;23
categoria;22;13;7
audiencia;35;2;6
atinente;16;18;12
transformar;12;27;6
significado;5;33;7
rejeitar;3;17;22
regimental;12;2;28
reforcar;27;5;11
proibir;38;1;2
modificar;21;2;21
mesa;2;0;38
menor;38;3;4
jornalistico;36;2;3
incompatibilidade;21;5;19
imposicao;33;5;7
guarda;12;13;16
global;15;28;0
garantido;42;0;3
especifico;27;6;12
embargo;7;8;25
consulta;26;6;12
comprovante;38;0;2
comportamento;23;14;6
associar;31;7;5
alternativo;35;5;3
verbis;17;8;19
sus;42;1;0
sujeito;17;17;9
residuo;35;1;2
proximo;34;0;8
pertinencia;8;25;11
pautar;28;4;12
mouro;1;0;4
inviavel;7;18;19
independencia;35;2;7
inadequado;8;24;10
hospital;38;0;0
habilitar;37;0;2
fator;38;3;2
faltar;16;23;5
exposicao;13;30;0
exportacao;39;0;0
estatuto;24;2;17
entrada;39;1;3
camara_dos_deputados;23;1;16
avaliar;34;4;3
atacado;6;16;21
abusivo;7;32;4
abster;37;2;4
xii;39;0;4
the;14;0;0
tecnologia;41;0;0
secundario;6;25;11
ressalva;8;5;26
politico;34;2;7
partido_comunista_do_brasil;2;0;14
messias;23;0;0
grifou;8;27;8
fonte;26;7;4
falar;18;12;7
expedir;35;4;4
etapa;33;7;2
efetuar;31;8;2
consular;37;0;1
confianca;27;1;4
condicionante;32;6;4
bom;26;5;11
bernardo;19;1;11
atrair;5;5;33
are;9;16;15
tematica;16;10;14
subsistir;8;3;31
sol;4;1;2
sigilo;35;2;2
rio_grande_do_sul;7;4;14
reforma;11;2;28
precisar;24;9;9
plausibilidade;21;2;18
patrimonio;35;1;2
original;16;9;15
oms;41;0;0
obtencao;28;6;7
jurar;36;0;0
extradicao;12;3;21
etario;40;0;0
escolha;31;5;5
equipamento;39;0;0
entrar;36;2;3
coordenacao;38;4;0
certificado;36;0;0
calendario;34;0;6
argumentacao;12;12;18
arguido;4;24;14
adc;2;39;1
urbano;36;3;2
santa_catarina;6;4;8
presidencia_da_republica;20;2;17
orcamento;38;1;0
obscuridade;0;2;38
obito;38;0;0
nucleo;26;10;4
mercado;37;1;1
mato_grosso_do_sul;24;1;10
familiar;38;0;3
disseminacao;37;1;1
descabimento;0;36;4
condenar;11;13;13
compativel;28;2;11
ciencia;30;1;5
chamado;22;9;8
apreciar;7;6;28
trecho;12;8;19
tramitacao;10;10;19
tipico;19;18;3
tarifa;33;2;0
sepulveda;0;33;1
reverter;11;25;4
resguardar;15;19;5
reproducao;3;29;8
rep;28;0;0
remuneracao;20;18;2
reconducao;0;0;37
procuracao;4;5;29
processo_penal;17;4;18
pp;4;13;14
poder_executivo_federal;31;5;4
permanecer;22;3;15
improbidade;9;28;2
homologar;23;17;0
go;8;7;14
estados_unidos;26;1;1
correspondente;33;4;3
contratual;37;1;1
concorrente;26;10;4
atencao;36;0;4
viabilidade;8;26;5
veto;21;5;7
to;5;15;4
reuniao;32;0;5
residencial;28;0;1
prevenir;28;11;0
paraiba;2;22;9
palavra;19;11;9
obrigar;33;3;3
luis;1;32;5
informativo;32;1;6
improcedente;4;10;25
gestor;38;0;0
extensao;19;8;12
exercitar;34;0;0
executar;33;2;1
entrega;29;3;6
elevado;31;7;1
disputa;5;25;7
denunciar;31;0;2
conversao;13;8;17
contato;33;0;2
conseguinte;19;6;14
cautela;30;0;9
assumir;23;9;7
vislumbrar;9;14;15
viciar;10;12;16
venda;32;0;1
vaga;10;2;24
solicitacao;34;1;2
sequencia;24;3;8
senado_federal;20;6;11
processo_legislativo;17;6;11
prisional;31;1;2
pensao;26;1;7
paulo;8;17;6
parente;14;0;22
oportuno;23;8;7
lancar;19;2;14
impetrar;5;22;10
igp;24;4;2
historico;22;8;4
fornecer;33;2;3
fls;8;3;19
firme;1;16;21
estipular;32;2;4
enunciado;7;18;12
enquadrar;18;5;15
elaboracao;33;2;2
colher;15;9;9
cedula;32;1;0
capitular;32;0;3
aumentar;36;1;1
apreco;7;28;3
americano;35;1;0
ambiente;33;0;4
alagoas;6;5;14
afrontar;12;23;3
admissao;5;17;15
academico;35;1;1
acabar;31;6;1
vitimar;32;0;0
tributo;30;0;3
transferencia;33;1;1
tarefa;32;2;2
soberania;18;0;18
sitiar;30;0;7
regularizacao;22;5;9
pluralismo;16;1;18
perfil;11;21;2
pensionista;17;3;15
mensagem;27;0;0
lesivo;9;13;15
justo;29;4;4
indispensavel;16;11;10
habeas;0;35;2
excecao;26;6;5
espaco;25;11;1
escopo;15;13;9
empregado;26;2;5
emergencial;36;0;0
dignidade;32;1;1
configuracao;12;5;19
completo;30;2;5
cgu;34;0;2
cassar;4;13;20
carvalho;10;1;12
anterioridade;14;1;19
afastado;18;2;17
admissivel;5;25;7
abrangencia;12;19;6
trabalhista;6;6;22
terreno;26;1;1
suprir;20;3;13
suporte;13;13;10
ressalvar;18;9;6
regulamento;28;6;1
referendum;20;1;15
reclamacao;5;4;23
pdt;5;1;26
oriundo;17;10;8
originario;10;10;16
obstaculo;11;17;8
motivar;17;3;16
mineracao;31;0;3
logistico;36;0;0
legitimacao;3;23;10
invocacao;0;36;0
funcionario;32;1;1
exploracao;27;4;3
dl;23;0;10
dispensar;20;9;5
destaque;20;6;10
contagem;11;0;10
aplicavel;9;8;19
ampliacao;22;5;8
utilidade;13;3;19
telecomunicacao;22;2;3
secao;18;5;11
requisitar;22;2;11
remeter;21;4;8
procurador;11;1;19
primario;2;29;2
pni;32;0;2
perceber;25;2;8
pendente;4;12;18
pauta;16;3;15
locacao;24;5;4
jurisdicionar;11;18;6
ipca;26;4;1
inumero;16;11;8
interpretativo;7;18;10
injuncao;0;35;0
inepcia;6;6;23
imunidade;32;0;1
ideia;26;6;3
gabinete;22;2;6
financiamento;31;0;2
extinguir;8;1;24
expresso;14;11;8
estado_de_coisas_inconstitucional;23;8;4
esportivo;32;0;1
escolar;31;2;0
erario;4;26;4
enviar;26;1;2
deputado;8;2;23
debate;13;7;15
clareza;10;19;6
circulacao;34;0;0
celebrar;26;7;1
celebracao;31;1;1
beneficiario;33;0;2
araujo;4;0;2
alegre;9;0;13
vinculacao;17;6;7
transparencia;28;2;3
somar;27;1;6
rn;4;8;15
procurador_geral;6;3;8
menezes;4;6;17
medida_provisoria;11;5;11
magistrado;6;3;21
infeccao;31;0;0
incorporacao;30;1;0
impedimento;8;5;18
habil;9;19;5
futuro;26;5;3
fungibilidade;2;28;4
fundamentacao;9;6;19
fundacao;19;3;8
explicar;17;14;1
encerrar;5;15;13
detrimento;25;3;6
continuidade;23;10;1
civel;11;1;18
cercar;31;0;3
automatico;13;0;21
acolhimento;11;10;13
vacinal;31;1;0
terminar;20;0;13
servicos_publicos;27;3;2
respeitado;29;1;3
proporcional;9;4;19
processar;4;9;20
prerrogativa;13;2;18
marcelo;1;2;8
junior;5;1;15
inferior;22;7;4
incerteza;21;11;0
imunizante;32;1;0
impessoalidade;16;11;6
iminente;31;1;1
ilegalidade;7;15;10
fixo;16;16;1
finalizar;13;0;3
expectativa;10;17;6
educacional;29;0;0
corpo;31;1;0
consumo;33;0;0
confronto;4;29;0
basear;27;3;3
autarquia;28;1;4
aula;27;0;0
arquivar;1;2;30
aliar;24;3;6
adverso;31;0;0
aditivo;28;0;2
acreditar;21;3;5
usuario;32;0;0
soja;29;0;3
sobrevir;9;1;22
sindical;6;8;15
semeadura;29;0;2
secretariar;22;3;4
salario;15;5;4
quantidade;31;0;0
procuradoria;18;4;7
probatorio;8;12;12
prescrito;7;25;0
pontuar;16;11;5
operar;14;4;12
moreira;0;20;6
monitoramento;26;1;0
lewandowski;5;0;2
jovem;30;0;0
intimacao;14;1;15
insuficiente;16;9;7
instalacao;31;0;1
inepto;0;28;4
incumbir;25;5;2
gracie;0;27;4
ferir;19;8;5
favor;24;1;6
estrutural;23;7;1
estrategia;28;0;4
equipa;26;0;1
epidemia;30;0;0
ellen;0;27;4
decisorio;10;12;10
correcao;22;7;3
conveniencia;21;3;8
construcao;28;2;1
concretizacao;25;5;2
colegiado;8;8;16
branco;10;2;0
anm;24;2;2
analogo;9;7;16
aije;0;0;25
abrigar;8;23;0
abrangente;7;19;6
1o;4;21;4
verde;8;0;15
triplice;0;0;27
tradicional;23;4;2
tentativa;11;5;13
restrito;10;5;16
repercussao;9;14;8
rediscutir;0;24;7
parcela;23;3;5
ministerio_publico_federal;19;2;9
lavra;16;3;12
inteligencia;22;0;2
inovacao;21;2;8
indicio;24;0;1
inafastavel;2;28;1
inafastabilidade;3;13;15
fraude;4;3;22
exaustivo;4;18;3
epoca;24;2;5
dito;18;8;5
disponibilizacao;30;1;0
digital;23;3;4
detalhado;30;0;0
desvio;19;0;5
criminoso;27;0;2
contratar;28;1;0
condenatorio;2;0;28
cartao;27;0;0
atestar;25;1;5
anulacao;3;2;26
aluguel;19;4;4
ajuste;26;1;1
afetar;15;7;8
adpfs;6;14;11
surgir;5;15;10
sofrer;18;9;3
rodrigues;4;0;16
ro;0;3;26
respeitar;25;3;2
reputar;7;13;10
reproduzir;6;3;21
qualificado;16;14;0
pugnar;5;0;25
preco;26;1;0
pgr;5;6;19
pequeno;22;3;3
ofender;16;2;12
of;12;6;1
notorio;19;1;10
normatividade;0;27;3
nacao;29;0;1
marcacao;19;0;0
interrupcao;26;0;3
intencao;26;2;1
instalar;25;1;3
inseguranca;6;19;5
guardar;12;14;4
gravidade;23;1;6
fila;25;3;1
exaurido;0;24;6
eugenio_jose_guilherme_de_aragao;2;1;6
envio;16;12;1
entregar;19;0;0
dirimir;4;26;0
desbordar;0;30;0
derivar;8;15;7
cota;4;0;24
concorrencia;25;1;4
claudia;0;0;10
arguicoes_de_descumprimento_de_preceito_fundamental;7;5;14
aldeia;9;20;1
afim;24;0;2
aditamento;14;0;14
aberto;17;1;10
xxxv;8;5;15
venia;3;7;18
solido;23;2;4
seara;24;2;2
restritivo;17;1;11
relogio;5;0;0
razoabilidade;24;1;3
provisorio;9;6;13
po;7;18;4
planta;28;0;0
pesar;16;12;1
operador;28;0;1
operacional;26;1;2
notificar;19;1;3
notificacao;24;1;4
non;25;2;0
multa;20;4;4
maranhao;10;0;9
lopes;5;2;10
legislatura;3;0;25
kit;6;0;1
isentar;26;0;0
ineficaz;5;15;2
igual;11;14;3
frisar;17;8;4
feminino;19;0;3
exordial;16;4;9
exclusao;16;3;10
etc;22;1;6
encerramento;9;4;16
dotar;11;18;0
dotacao;27;0;0
documentacao;22;0;3
distrital;21;3;3
distanciamento;29;0;0
digno;20;5;4
despeito;16;3;10
descumprir;20;4;5
del;22;3;1
correa;1;13;4
contribuir;26;2;1
conceito;16;8;4
compatibilidade;3;11;15
coadunar;3;23;3
calamidade;29;0;0
cair;5;1;2
abertura;19;1;9
sucessivo;4;1;22
sublinhar;18;3;7
sousa;5;1;1
sindroma;8;0;0
significativo;24;0;3
saida;25;1;1
ricardo;12;1;6
reabertura;24;0;3
postura;17;5;5
politica_publica;21;4;3
patente;6;2;20
onus;6;14;8
norte;25;0;1
mendes;6;10;1
mato_grosso;18;0;3
logicar;14;4;10
lide;0;26;2
lembrar;20;5;3
insurgir;3;12;13
inelegivel;1;1;26
futebol;25;0;0
frente;21;1;5
formalizar;7;3;18
esforco;27;0;1
emergente;4;24;0
direcionar;18;3;7
consolidar;12;11;5
conjur;26;0;1
comunicar;23;0;4
comprobatorio;4;24;0
comissivo;8;16;4
breve;12;1;14
assistir;10;12;6
apropriado;18;10;0
aluno;24;0;0
aguar;19;1;6
acompanhamento;20;1;6
vicio;7;5;15
vedado;19;0;7
tutelar;4;17;5
seriar;21;1;4
refinanciamento;26;0;1
recusar;16;7;3
prestador;18;4;1
preocupacao;21;3;3
preferencia;23;1;1
pi;3;8;14
pensamento;22;1;3
patrimonial;22;1;0
padrao;24;0;0
pacto;22;2;2
outorgar;13;2;12
objetivar;11;4;12
multiplo;6;11;9
modelo;9;16;2
mercadoria;22;0;1
massa;24;3;0
iptu;22;5;0
intermedio;23;1;3
interferencia;23;2;1
incorrer;15;3;9
imbuhy;6;20;1
igualitario;25;2;0
higidez;9;6;12
frequencia;26;1;0
flagrante;10;14;3
exarar;2;9;13
esvaziar;6;14;7
embasar;11;8;8
efetivar;18;5;4
doutrinar;0;23;4
dominio;21;5;0
dificil;11;14;1
designar;13;0;14
desatender;1;24;0
costa;11;0;2
contagiar;26;0;0
constituinte;16;7;3
consenso;21;2;0
confundir;15;0;12
conflitante;1;24;2
compromisso;23;2;1
andamento;13;2;12
administrador;26;0;1
abrir;15;3;9
xvi;13;12;1
vocacionar;1;23;2
tre;0;2;23
stj;5;7;14
resp;0;5;17
reservar;9;7;10
regulacao;19;4;2
rediscussao;0;9;17
rcl;0;9;9
piaui;9;1;9
pensar;13;10;3
nepotismo;1;0;24
missao;19;3;0
mineral;21;1;0
medicinal;24;0;0
marcar;15;1;10
lv;15;0;8
intuito;12;10;4
instruir;10;1;14
infantil;22;3;0
industrial;25;1;0
inconformismo;3;1;22
imagem;19;1;4
horario;16;1;3
forte;14;2;4
fortaleza;13;2;9
fechamento;17;0;9
fabricante;26;0;0
excelso;6;6;14
elegibilidade;5;0;19
eduardo;13;1;9
delinear;3;15;8
condao;14;8;4
compra;24;0;1
composicao;12;0;12
comerciar;25;0;0
comercial;24;0;0
celso;3;5;5
assembleia;8;0;17
antecipado;18;2;6
antecipacao;15;1;10
afetado;12;11;3
afericao;6;17;2
advocacia;6;6;11
adquirir;24;1;0
adin;1;22;2
xxxvi;12;2;10
vulnerabilidade;23;2;0
violencia;21;0;1
variar;22;2;1
torno;4;13;8
temporal;6;1;18
telebras;17;1;7
tanger;11;6;8
suma;15;5;5
sujeitar;22;3;0
subsequente;5;4;16
responsabilizacao;21;1;3
republica_federativa_do_brasil;23;0;2
representativo;7;15;1
reparacao;5;15;5
relato;14;1;9
publicitar;23;0;1
outorga;18;2;4
justificacao;8;6;10
justica_eleitoral;2;3;20
inteiro;21;0;4
identidade;11;2;11
formalizacao;4;7;14
formalidade;2;13;3
expedicao;9;0;15
europeu;22;0;1
domiciliar;16;0;8
destinacao;20;1;0
cultura;19;1;0
conmebol;22;0;1
concretizar;10;9;4
conciliacao;22;3;0
coletividade;24;1;0
coleta;25;0;0
colapso;24;0;0
caracterizacao;6;11;7
caracteristica;25;0;0
assistencial;22;1;0
ar;22;2;0
apurar;14;2;8
aplicabilidade;0;3;22
validar;19;3;2
tocantins;10;0;9
thiago;0;0;10
sugerir;19;1;4
substitutivo;2;20;2
singular;0;23;1
servico_publico;14;5;5
recuperacao;18;0;0
ratificar;15;0;9
promulgacao;12;2;10
pericia;21;0;3
pedro;1;0;13
passivar;7;15;2
oitiva;16;0;8
nomear;15;1;8
motivacao;18;1;4
mensal;19;4;0
liquidacao;21;0;1
libra;16;1;6
investigativo;13;0;4
ineficiencia;2;21;0
evolucao;17;3;3
endereco;19;0;0
emissao;22;2;0
duracao;11;2;11
divergencia;12;3;9
distincao;10;3;8
disponibilidade;21;1;1
desacreditacao;17;3;4
delimitar;11;11;2
decretacao;9;0;15
debater;4;4;16
cpf;11;0;0
controlar;22;0;2
consultoria;19;2;2
conexao;8;2;14
conducao;10;3;11
cobrar;22;0;0
cmn;22;0;2
celeridade;10;14;0
bienio;4;1;17
atentar;17;3;4
writ;0;23;0
vulneravel;23;0;0
votacao;12;0;9
viver;23;0;0
venezuela;20;0;1
variante;21;0;1
urgente;17;2;4
ulterior;3;6;14
transferir;20;2;0
suscetivel;3;16;4
sul;19;0;1
separacao_de_poderes;8;9;6
repetir;13;10;0
regulamentador;7;14;1
refletir;17;6;0
reclamar;11;6;6
realcar;17;1;5
prosseguir;10;2;11
passaporte;18;1;2
orientar;13;5;5
opiniao;20;1;1
ocupacao;17;0;4
nunes;10;1;3
nitido;6;7;10
mao;23;0;0
latino;16;7;0
isolamento;23;0;0
internet;21;0;1
interferir;17;2;4
indefiro;2;3;18
federalismo;16;1;0
estimular;22;1;0
especificacao;13;8;2
down;4;0;0
demarcacao;18;2;1
comportar;9;6;8
centro;23;0;0
arrastamento;8;1;14
apreensao;16;0;0
anualidade;2;1;20
antonio;7;2;5
aliquota;20;0;0
achar;0;20;2
acervo;6;1;1
xv;20;1;1
velloso;1;16;5
turno;12;4;4
tortura;18;0;0
terapia;21;0;0
terapeutico;22;0;0
seguida;16;0;6
revista;13;5;4
reafirmar;11;5;6
prosperar;7;2;13
pronunciar;6;0;16
prevalecer;6;0;15
pretexto;10;4;8
pagar;20;0;0
omnes;1;7;14
oliveira;3;1;6
ocasionar;13;3;6
moeda;18;0;0
modulacao;6;2;14
metodologia;21;0;1
internacao;21;0;0
inspecao;18;1;1
infectado;22;0;0
inerente;11;10;1
incentivar;20;0;1
hc;0;12;2
funcionar;16;3;3
feicao;5;17;0
exmo;6;0;14
excesso;7;5;8
escassez;22;0;0
erguer;1;7;14
equilibrado;18;2;2
emergir;3;18;1
desistencia;12;3;6
desconsiderar;19;2;1
denotar;12;3;7
custodiar;12;0;10
contorno;9;12;1
contestado;3;14;5
conformacao;7;11;4
concurso;12;4;5
cogitar;6;13;2
cliente;20;0;0
chamamento;16;0;5
barreira;14;2;3
avanco;22;0;0
assuncao;4;2;15
aposentado;9;1;10
amapa;3;1;9
alimento;17;0;1
aguardar;8;1;13
absorver;2;20;0
vontade;16;3;1
tratativas;16;0;0
superveniencia;8;1;12
subsistencia;3;5;13
subnacionais;18;1;1
sistemico;6;5;10
separacao;14;2;3
representatividade;8;5;8
reportar;14;0;7
renovacao;2;1;18
proveniente;16;1;3
proguaru;15;0;3
progressista;3;0;13
ponderacao;13;1;7
planejar;21;0;0
percentual;21;0;0
penitenciario;19;1;1
panorama;4;0;17
ocupado;8;2;10
obra;9;3;9
miocardite;20;0;0
ministerial;12;5;4
maria;13;0;2
julgador;5;3;13
intimem;3;0;17
infringente;1;1;19
inequivoco;9;3;9
inaugurar;10;2;9
gustavo;5;2;1
gasto;20;0;1
francisco;2;7;8
figura;10;4;7
fernando;7;0;8
fazenda;9;2;10
esteira;7;7;7
eleito;4;0;17
dpu;15;1;2
discurso;6;5;9
desconstituir;0;17;3
cunho;16;3;2
convocar;19;0;1
convir;7;10;4
converter;5;6;9
contribuinte;19;1;1
contaminacao;20;0;0
comentar;13;1;7
combinar;3;10;6
carencia;3;9;9
assinatura;18;0;2
anunciar;17;1;1
albergar;3;2;16
adicional;17;0;1
aceitar;15;5;1
vulnerar;19;1;0
volta;13;2;2
verba;14;1;5
uti;20;0;0
ultrapassar;16;0;4
teste;14;1;0
tela;11;2;7
surto;17;0;2
substituicao;9;0;11
subordinar;14;5;1
submissao;3;14;3
sintoma;17;0;0
sindicato;7;0;3
similar;12;4;4
silveira;2;15;2
sexual;18;0;0
sars;15;0;0
regularidade;14;1;4
raciocinio;8;6;6
propagacao;19;1;0
procedimental;3;3;13
prescrever;5;8;7
pilar;17;3;0
petropolis;2;1;10
perdurar;13;0;5
pandemico;17;0;2
on;17;1;0
movimento;14;0;5
milhar;16;1;2
mascara;19;0;0
licenciamento;14;2;2
intinar;9;0;10
insuficiencia;7;13;0
insistir;8;4;8
inep;19;0;0
incorporar;14;2;4
incentivo;17;0;3
implicito;4;9;7
hostilidade;10;7;2
gerador;19;0;1
fornecimento;18;0;0
favoravel;19;0;1
especialista;20;0;0
esclarecimento;17;0;3
equivocar;13;0;7
energia;1;15;0
embargante;0;2;18
dr;5;0;9
discricionariedade;17;1;2
dinamica;12;4;0
diferenciado;18;2;0
desvirtuamento;6;12;2
desigualdade;19;0;1
deliberado;16;1;3
defeito;0;19;0
crer;19;1;0
corrigir;15;0;5
consonancia;7;2;11
conitec;19;1;0
compreensivo;14;6;0
complexidade;20;0;0
chapa;0;0;19
certidao;9;1;9
celular;14;1;0
canal;20;0;0
bahia;9;1;3
autuacao;4;1;7
armazenamento;18;0;0
argumentativo;3;6;10
arguir;6;10;4
arguentes;11;2;7
ap;2;16;0
anjo;1;0;16
and;6;0;1
amparar;11;1;8
alimentacao;18;0;1
afigurar;12;5;3
acrescer;9;8;2
walber;0;0;4
violador;9;8;2
video;18;0;1
territorial;15;1;1
teresina;8;0;3
tcu;11;0;7
sustentacao;9;4;5
supor;6;13;0
supervisao;18;1;0
substrato;5;2;12
site;15;0;2
selecao;18;0;0
rio_grande_do_norte;2;0;11
respe;0;0;17
respaldo;15;1;3
red;0;18;1
raro;17;1;0
ptb;0;0;15
primar;10;4;5
precisao;1;17;1
posicionamento;15;1;3
pno;18;0;0
pernambuco;6;1;6
paragrafo;10;1;8
paradigma;3;10;6
pactuar;17;0;1
orcamentario;14;0;4
oferta;18;1;0
nobre;1;18;0
materializar;11;2;4
martins;3;1;15
lxxviii;5;6;8
lancamento;16;1;2
ius;0;2;17
irresignacao;4;1;14
introduzir;11;3;5
intensivo;18;0;0
ingerencia;18;0;1
indenizacao;19;0;0
imputar;11;3;5
importacao;17;1;1
honorum;0;0;19
greenwald;11;0;7
gratuito;19;0;0
formar;11;5;3
fabio;2;0;3
exigivel;9;9;1
estado_de_direito;9;0;10
equilibrio;14;5;0
enfoque;2;12;5
ec;11;5;1
diplomacao;0;0;18
desempenhar;6;6;7
desconformidade;2;8;8
descabe;2;16;1
correto;12;2;5
coordenar;18;0;1
computador;17;1;0
compartilhamento;16;0;3
comentario;13;3;3
colegiada;7;1;11
codefat;17;0;2
cnj;15;0;2
baliza;11;6;2
ayres;1;15;2
anomalo;2;5;12
amici_curiae;5;1;12
agro;0;0;4
4o;4;14;1
volume;17;1;0
vigorar;13;1;4
vidar;3;4;11
teixeira;9;0;2
soares;2;0;5
segurado;16;1;0
satisfazer;3;11;3
sala;17;0;1
recolher;17;0;1
qualificacao;11;2;3
proveito;3;13;1
promulgar;9;3;6
prolatar;0;11;6
procurar;16;1;1
prestigiar;15;2;1
presidio;15;0;3
potencializar;2;13;3
perfeito;8;2;8
peluso;1;14;2
par;11;2;3
neto;5;1;2
multiplicidade;3;12;3
movimentacao;16;0;1
moral;11;6;1
mmfdh;15;0;0
misto;17;0;0
matricular;16;1;0
marca;6;0;0
lograr;6;8;4
irrestrito;0;14;4
imprescindivel;11;0;7
imperio;2;4;9
guerra;16;2;0
glenn;11;0;6
fronteira;16;0;0
falha;16;0;2
extrapolar;8;8;2
etica;8;0;9
estranho;5;13;0
estimar;17;0;0
esquema;14;1;1
escolher;13;1;4
eros;1;16;0
embargado;1;1;15
egregio;3;5;10
efetivacao;9;5;4
discriminacao;16;2;0
dificuldade;14;2;2
desembargador;4;0;13
delegacao;12;0;5
defensoria_publica;3;13;2
credor;6;1;9
cov;13;0;0
correlato;7;11;0
consentimento;18;0;0
componente;15;1;1
competicao;16;0;0
comirnaty;18;0;0
codigo_penal;17;0;1
cezar;1;13;3
cabeca;14;1;1
basilar;10;3;4
assessor;4;0;11
articular;11;1;6
apelacao;4;0;13
antigo;14;0;4
alemao;2;14;1
aferido;2;10;6
acionamento;3;15;0
abstencao;14;0;2
votar;3;0;14
vol;2;10;2
vieira;4;0;6
tradicao;15;2;0
totalidade;15;1;1
tendente;12;3;2
taxativo;11;0;6
supressao;14;1;2
substancia;17;0;0
sub;4;3;10
sinalizar;9;5;3
semanal;13;0;1
remanescente;8;0;9
rejeicao;2;4;9
regencia;4;12;1
reconsideracao;3;0;14
quimico;16;1;0
produtor;16;0;0
pobreza;15;0;0
neri;0;15;2
necessitar;15;0;2
mt;3;8;0
monocraticamente;1;5;11
mineiro;10;0;5
mauricio;0;12;2
marinho;10;1;1
margem;10;7;0
manejar;0;5;12
ligar;12;5;0
ler;16;1;0
laudo;12;0;0
jornal;15;1;1
invasao;13;1;3
infirmar;0;9;8
idoso;12;0;5
horticola;14;1;2
harmonia;10;3;4
gas;15;0;0
forum;9;0;3
fertilizante;15;0;0
fe;12;2;3
facil;9;7;1
excessivo;12;4;1
estender;10;2;5
escrutinio;1;6;10
eleitor;11;1;4
discricionario;11;1;5
dependencia;8;0;8
datar;5;5;4
daniel;1;2;1
cotejo;2;11;4
corroborar;3;10;4
contestar;4;7;6
conservacao;17;0;0
comandante;15;0;0
clinicar;16;1;0
cilindro;14;0;0
cerne;11;4;2
carecer;5;6;6
cadeia;5;7;5
banda;14;2;1
arrecadacao;16;0;0
anatel;10;1;1
alvo;10;2;5
alusivo;11;1;5
alienacao;12;0;0
agricola;15;0;0
advir;7;2;8
adequar;14;0;3
acusar;12;0;5
absorvente;16;0;0
abreviar;8;0;9
xvii;15;0;1
vivenciar;15;0;1
viragem;0;2;13
verso;2;5;9
usurpacao;5;8;3
transmudar;6;10;0
titularidade;10;4;2
teoria;13;0;3
socioeconomico;16;0;0
snpg;15;0;0
sintetizar;4;5;7
satisfacao;5;7;3
sancionador;12;1;3
rondonia;6;2;2
rodrigo;0;0;4
richa;0;0;13
ribeiro;1;1;5
reportagem;15;0;1
reparticao;13;1;0
remessa;4;0;10
regulador;13;1;2
recordar;12;3;1
recepcionar;5;0;11
protocolar;5;1;10
proferir;5;0;11
precario;6;0;10
portador;14;0;0
permanencia;11;0;5
pedido_cautelar;6;1;9
pcdob;2;0;12
patamar;16;0;0
pasep;15;1;0
optar;14;1;1
opor;5;5;6
obedecer;13;0;3
midia;12;1;1
melhoria;15;0;1
loa;7;0;7
lastro;4;9;3
interamericano;14;0;1
integralidade;3;0;13
insatisfatorio;2;14;0
inovar;5;5;5
inflacao;11;1;0
indiscriminado;14;0;2
imunizar;16;0;0
impropriedade;3;5;8
impresso;16;0;0
imesf;9;0;4
ifes;16;0;0
horizonte;13;0;3
hierarquia;12;0;3
fome;11;0;4
exito;4;6;6
estoque;15;1;0
empregador;12;1;1
eletrico;1;14;1
discriminar;13;1;2
destituir;6;8;2
desrespeito;6;10;0
desnecessario;5;5;6
deslinde;3;9;4
defensoria_publica_da_uniao;8;3;2
decretar;8;0;8
decisum;2;1;13
cuidado;14;0;2
consecutivo;0;0;16
conjuge;5;0;10
concernir;4;6;6
comissionar;3;13;0
brossard;0;14;2
bancar;10;2;1
banalizar;0;15;1
assentada;3;7;6
armazenar;12;1;0
arguicoes;1;8;7
andre_mendonca;2;2;7
alerta;16;0;0
agravamento;15;0;1
adulto;15;0;0
adicionar;13;1;1
acontecer;13;1;2
ac;2;11;2
abstracto;0;15;1
xxxiii;12;1;2
vertente;5;8;2
tpi;5;7;2
suprimir;12;1;1
superacao;11;3;1
suceder;4;4;7
subsidiario;2;8;4
subscrever;9;0;6
subjacente;5;6;4
salvar;15;0;0
rever;6;9;0
retomada;14;0;1
repouso;15;0;0
rechacar;5;2;8
quantitativo;14;0;1
quadra;13;1;1
prudenciar;7;8;0
proposicao;3;7;5
proporcionar;10;2;2
profundo;11;2;2
postulacao;0;4;11
plantio;12;0;2
pl;8;0;5
periodico;15;0;0
pasta;13;0;2
parentesco;0;0;14
parceria;15;0;0
pacificado;0;11;4
oposicao;3;2;10
oponibilidade;0;14;1
obviar;10;0;5
numero;11;0;4
normalidade;11;0;4
nacoes_unidas;12;0;3
molde;7;1;7
mitigar;9;4;2
meta;14;1;0
magistratura;3;0;12
lucia;4;0;0
localizar;14;0;0
lecionar;0;14;1
justificado;6;1;8
inviolabilidade;15;0;0
investir;13;0;2
intervir;12;0;3
insuscetivel;0;15;0
insercao;12;1;2
inq;3;2;7
ingressar;11;2;2
industriar;11;2;2
inaceitavel;12;3;0
impreciso;0;11;4
imparcialidade;6;1;7
guilherme;0;2;2
globo;14;0;0
generalidade;2;12;1
funcional;6;4;4
funai;14;1;0
ferreira;3;6;2
extremo;12;3;0
extraditar;5;3;6
exigibilidade;13;1;0
entendido;3;7;5
doutrinario;2;10;3
dissolucao;13;0;2
dirigente;12;1;2
diligenciar;11;0;2
desconto;14;0;0
descompasso;8;5;2
desafio;14;1;0
densidade;4;8;1
defensor_publico;1;11;0
credenciar;15;0;0
cpp;2;4;7
coronavac;15;0;0
consideravel;12;0;3
comunitario;14;0;0
composto;12;0;0
cometer;6;0;9
comercializacao;15;0;0
cadastro;10;0;4
biontech;15;0;0
belo;12;0;3
automotor;12;0;1
articulacao;12;0;3
arguiçao;0;14;0
arcabouco;13;1;1
aproveitamento;9;5;1
aprofundado;11;2;2
aparelho;11;1;0
ansa;14;0;0
andre;3;1;1
analogico;3;1;11
alusao;11;0;4
alberto;3;0;7
afirmacao;10;0;5
acumular;13;1;0
acrescimo;13;0;1
acometer;13;1;1
acessivel;5;10;0
abarcar;9;2;4
xxxvii;13;0;1
xviii;12;2;0
vantagem;11;0;2
utis;13;1;0
universo;7;6;1
transmitir;13;1;0
transitorio;13;0;1
teto;9;5;0
tecer;8;0;6
subverter;3;6;2
substituto;3;2;9
status;4;4;6
sigiloso;5;1;0
sediar;13;0;1
secundar;2;11;1
satelite;12;0;0
saneamento;8;2;4
rua;14;0;0
retomar;12;0;2
restabelecer;9;1;4
ressarcir;1;13;0
responder;10;1;2
reservado;8;2;4
repasse;13;0;1
repactuacao;14;0;0
renunciar;11;0;3
relembrar;7;7;0
reintegracao;1;3;10
registrador;11;0;0
reflexao;6;1;7
quarto;7;1;6
quarentena;14;0;0
proprietario;14;0;0
proporcao;12;0;0
progresso;13;0;0
privilegiar;8;6;0
privacao;14;0;0
pretenso;2;9;2
prefeitura;7;0;5
percepcao;10;1;3
passado;12;2;0
pacajus;0;2;7
ouvir;9;0;5
ocupar;7;0;7
nuclear;0;13;1
mp;10;0;1
morrer;11;0;0
mobilizacao;14;0;0
medidas_cautelares;4;1;9
medicina;13;0;0
masculino;11;0;0
mandamento;11;0;3
lvii;1;0;13
locatario;14;0;0
lima;3;0;3
laboratorio;11;0;3
judicata;0;14;0
isolado;7;1;6
interior;14;0;0
intercorrente;0;1;12
insurgencia;4;4;6
instar;10;1;3
injustificado;6;5;3
infralegal;7;7;0
influenciar;14;0;0
inferir;7;2;5
inefetividade;1;12;1
indio;12;1;1
impugnavel;0;13;1
icmbio;12;0;0
homologacao;6;5;2
higienico;13;0;0
gov;14;0;0
geracao;14;0;0
ganhar;11;2;0
folha;14;0;0
ferramenta;12;1;0
facilitar;13;1;0
experiencia;13;1;0
excepcionalidade;2;9;3
exaurir;3;4;7
estimativa;14;0;0
esperar;12;0;0
equiparar;14;0;0
enquadramento;7;2;4
ementada;5;3;6
emb;0;2;8
dor;6;0;0
dissenso;0;11;2
discorrer;9;0;5
discar;14;0;0
dinheiro;13;0;0
detalhar;9;2;1
destinatario;10;2;2
desrespeitar;11;0;3
desfile;13;0;1
descabido;3;11;0
decl;0;0;4
debelar;13;0;1
crivo;5;9;0
cpi;0;0;12
contencao;14;0;0
conjuntura;7;1;4
concessionar;4;8;1
comprometimento;11;3;0
compartilhar;9;1;4
comparecer;13;0;1
cometido;10;0;4
colib;14;0;0
circunscrever;3;9;2
bancario;13;1;0
atalho;0;14;0
assessoria;10;3;0
anular;3;2;9
alfim;3;5;6
ajustar;10;3;0
aglomeracao;14;0;0
advertir;8;5;1
adiamento;2;5;7
adentrar;10;3;1
adaptacao;13;0;0
aceitavel;10;3;0
accountability;13;0;1
2o;3;8;3
vitoriar;0;10;3
valido;10;0;3
util;8;4;1
uniforme;8;4;1
tributacao;10;1;0
topico;7;3;1
tempestivo;6;2;5
temor;13;0;0
suspeita;11;0;2
subscritor;6;2;5
subordinacao;10;3;0
subdividir;4;9;0
sobressair;11;0;2
sgdc;13;0;0
serio;13;0;0
rio;9;0;1
rigoroso;11;1;0
reunir;7;1;5
ressarcimento;0;13;0
residir;5;5;2
resguardo;9;1;3
remissao;1;3;6
rapido;9;2;2
radiar;10;1;2
propaganda;11;0;2
preterito;4;1;8
precipuo;1;8;4
precipuamente;5;6;2
positis;4;0;9
pontual;13;0;0
pf;3;0;1
perpetrar;4;3;6
peculiar;6;3;4
pdf;12;0;0
organizado;12;0;1
ordenar;9;0;4
optico;2;9;2
onda;13;0;0
observacao;6;3;4
notar;7;6;0
neve;0;2;6
muniz;0;0;9
minoria;11;0;2
mendonca;0;0;3
manual;12;1;0
magnitude;13;0;0
macular;4;0;9
macae;5;0;5
law;3;7;2
itapevi;0;12;1
investimento;11;0;0
invalidar;3;0;9
instrumental;7;3;3
inidoneo;0;7;6
infra;11;1;1
informe;13;0;0
inerciar;10;2;1
ineficacia;2;7;4
indisponivel;8;0;4
independente;4;3;6
incs;10;0;2
incapaz;2;6;5
inaudito;11;0;2
imediaticidade;0;13;0
igpm;6;5;2
humanista;0;1;10
goncalves;9;2;2
gilbues;0;1;11
expertise;13;0;0
excerto;6;4;3
eua;8;0;0
escapar;11;1;1
enriquecimento;3;1;8
enorme;12;1;0
elencados;9;0;4
eficiente;12;0;1
di;11;1;1
detentor;3;1;9
desobediencia;4;1;8
desinformacao;11;1;0
desestimular;13;0;0
desenho;5;7;1
desempenho;6;7;0
descricao;6;5;1
deliberar;6;3;4
deflagrar;5;4;4
decimar;6;7;0
curto;12;1;0
controvertido;3;6;4
condutor;3;6;4
concorrer;1;0;12
comparar;11;2;0
comorbidade;13;0;0
comemoracao;8;0;5
coligacao;1;11;1
colegio;10;2;1
colateral;8;4;1
cgedh;13;0;0
burla;3;7;3
bloqueio;5;4;4
bacen;8;0;5
ator;7;6;0
atentatorio;3;5;5
arapiraca;1;0;11
angular;11;0;2
almejado;7;4;2
almeida;2;0;3
adct;7;4;2
acobertar;0;6;7
viagem;6;0;0
versao;11;0;0
vender;8;0;0
vencimento;6;4;0
veiculacao;9;2;1
transverso;1;7;4
televisao;11;0;1
taxatividade;11;1;0
sumariar;7;1;4
subsistente;6;0;6
subgrupo;12;0;0
spu;6;1;2
sorte;12;0;0
sindilojas;2;0;1
sair;10;0;1
retornar;6;0;1
rememoro;8;0;3
remanejar;12;0;0
reexame;0;4;8
recair;4;3;5
racionalidade;8;2;2
quebra;7;0;5
pv;6;0;3
puro;4;3;5
punir;11;0;1
prospectivo;2;0;10
proposto;5;1;6
proposital;10;0;2
prolacao;3;7;2
profilatico;12;0;0
probabilidade;8;0;4
pretorio;4;4;4
presumir;9;2;1
pressao;12;0;0
preconizar;7;4;1
preceder;7;3;2
portal;12;0;0
plausivel;8;3;1
pior;11;0;1
pertencente;7;3;1
personae;12;0;0
perseguicao;11;0;1
pendenciar;3;5;4
peculiaridade;8;2;2
patrio;4;5;3
passivo;8;2;2
passageiro;11;1;0
paginar;11;0;0
ouvido;11;1;0
organizar;9;1;1
organizador;11;0;0
oral;7;0;4
ocupante;5;0;7
numerario;12;0;0
novel;5;2;5
nonagesimal;9;0;3
niteroi;6;2;0
mitigacao;10;0;1
mister;10;1;1
mencao;9;3;0
lote;10;0;0
liii;8;0;4
laboradas;0;12;0
inusitado;11;1;0
intimidade;12;0;0
inocorrencia;4;1;6
inegavel;7;2;3
individualizado;6;1;5
incognoscibilidade;3;5;4
inaplicabilidade;1;2;8
imune;8;3;1
ignorar;8;2;2
gratae;12;0;0
fundiario;11;0;1
fundar;6;0;6
formato;6;0;3
flexibilizacao;9;1;2
fernandes;1;1;3
felix;0;4;1
farmaceutico;12;0;0
excelente;0;1;5
evocar;5;4;3
esvaziamento;3;4;5
estruturante;1;10;1
essencia;3;4;5
escultura;3;0;0
englobar;5;6;0
encontro;9;0;3
encargo;12;0;0
empreender;9;2;1
diversidade;8;3;1
divergir;0;1;11
ditame;11;0;1
discriminatorio;10;1;1
diminuir;11;0;1
desviar;5;0;0
desfavor;7;3;1
desafiar;2;6;4
denatran;10;0;0
deferencia;8;3;1
culpa;5;0;5
covid19;9;0;0
correr;10;0;2
constitutivo;4;1;7
compulsoriedade;11;1;0
comparecimento;11;0;1
cobap;1;1;8
classificar;11;0;0
charge;10;0;0
cfoab;1;0;8
cautelarmente;7;0;5
cancelamento;9;1;2
butantan;12;0;0
autoria;11;0;1
autoral;5;2;4
alheio;2;6;2
adiar;6;0;6
adaptar;12;0;0
acolho;0;2;8
acionar;7;3;2
acentuar;7;4;1
à;2;4;3
xxv;9;2;0
xxii;10;1;0
wyeth;11;0;0
voluntario;11;0;0
visao;6;3;2
vasto;10;1;0
transgressao;7;3;1
transformacao;9;1;1
transexual;9;1;1
transcurso;3;0;8
tiangua;0;0;6
telefonico;9;0;1
telefone;9;0;0
suspeito;10;0;0
sufragio;3;0;8
solidario;8;2;1
sofrimento;10;1;0
socioambiental;10;0;0
socio;11;0;0
sergio;7;0;4
semana;11;0;0
sedimentar;7;0;4
satisfeito;1;7;3
saldo;11;0;0
roraima;0;1;4
rigor;6;0;5
revelador;0;4;7
resumir;6;1;4
repetitivo;0;2;9
remuneratorio;3;4;4
remoto;10;1;0
regressividade;11;0;0
regis;0;0;11
recolhimento;4;1;6
rced;0;1;8
psiquico;11;0;0
proximidade;7;0;4
prorrogacao;7;0;4
projecao;10;1;0
prevalencia;8;1;2
preocupante;11;0;0
persistir;6;1;4
perseguir;6;2;3
permissao;9;0;2
pazuello;11;0;0
org;10;1;0
ofertar;10;1;0
nulo;8;1;2
miguel;0;0;7
mandatario;8;0;3
magisterio;3;4;4
lixo;10;0;0
literal;2;4;5
link;11;0;0
licitar;9;2;0
joao;0;1;3
intubacao;8;2;1
infectar;11;0;0
incontornavel;9;2;0
incapacidade;10;0;1
inaugural;4;1;6
impropriar;3;8;0
impactar;10;1;0
ilegitimo;8;1;2
ideologico;11;0;0
harmonico;10;1;0
gsi;11;0;0
grosseiro;2;7;2
governante;11;0;0
general;5;0;0
g1;6;0;0
fiocruz;11;0;0
fev;10;0;1
exportador;10;0;1
expender;7;0;4
escrever;11;0;0
esclarecido;10;1;0
erigir;2;8;1
empregar;6;1;3
eliminar;7;0;4
educafro;1;0;5
edson;0;1;2
documental;10;0;0
disputar;2;0;9
dilacao;3;7;1
dificultar;9;0;2
dialogar;8;0;3
devolucao;7;0;2
determinante;8;2;1
destacado;5;4;2
desmatamento;7;0;0
desincumbir;0;8;3
desencadear;6;5;0
demonstrativo;9;0;2
deliberativo;9;0;2
deficiente;9;1;1
correlacao;5;2;4
corregedoria;7;1;2
coordenado;11;0;0
cooperativo;10;1;0
conselho_nacional_do_ministerio_publico;0;3;6
conselho_nacional_de_justica;7;0;4
compensatorio;11;0;0
clt;1;8;2
cessao;11;0;0
certame;9;1;1
censura;9;1;1
celere;7;1;3
carreira;5;1;4
carga;8;3;0
caracterizado;6;4;1
campino;4;6;0
bolsa;11;0;0
bandeira;5;2;0
averiguacao;6;5;0
autenticar;5;3;2
atleta;11;0;0
atlas;9;1;1
ataque;6;1;1
arquivamento;2;1;6
anexar;7;0;4
ameacar;8;3;0
alvara;10;1;0
aime;0;0;8
agint;2;1;3
afonso;6;0;2
aferir;7;0;4
administrar;11;0;0
3o;2;6;3
xxiii;10;0;0
violadora;1;8;1
vetar;7;2;1
variacao;9;0;0
vargas;10;0;0
tj;1;1;8
telles;0;0;10
tecnologico;10;0;0
taquigrafico;0;0;10
sustentavel;10;0;0
sustentabilidade;10;0;0
subclasse;9;0;0
solteiro;10;0;0
seguido;9;0;1
secreto;8;0;2
sancionar;9;0;1
safra;8;0;1
revisar;7;0;3
resistencia;9;0;1
resgate;9;0;0
remissivo;0;9;1
remediar;3;3;4
regramento;5;0;5
referendodecima;0;1;4
redigir;5;0;4
recuperar;5;0;1
recesso;2;1;7
quilombola;10;0;0
queda;8;0;0
psess;0;0;10
psd;0;0;7
provocacao;2;1;7
proponente;5;1;4
prol;8;1;1
projetar;9;1;0
programacao;10;0;0
proclamar;1;8;1
precedencia;10;0;0
postulante;2;2;6
pluripartidarismo;0;0;9
pires;0;0;10
phs;0;0;10
pericardite;10;0;0
penitenciaria;9;0;0
parlamento;10;0;0
otica;7;2;1
opinativo;0;6;4
opar;0;0;10
oficio;2;0;4
oab;0;0;4
nortear;5;0;5
negociar;9;1;0
negocial;6;2;1
narrativa;1;1;5
mover;5;1;4
movel;10;0;0
morar;7;2;1
mj;6;0;2
mina;4;0;2
microrregiao;6;1;1
miami;3;0;0
metade;8;0;2
malheiros;7;2;1
londrino;2;1;7
loja;3;0;0
lockdown;10;0;0
licitacao;9;0;1
leve;10;0;0
letra;4;1;5
lelis;0;0;10
legis;0;0;10
lava;9;0;0
jus;4;1;5
jato;9;0;0
janela;10;0;0
irretroatividade;8;2;0
ipu;0;2;5
introducao;6;2;2
institucionalizar;7;0;0
insito;5;0;5
infralegais;6;4;0
indeterminado;5;2;2
independer;6;1;3
incremento;7;1;2
imperativo;8;1;1
ideal;9;1;0
http;9;0;0
homogeneo;3;6;1
gravacao;8;0;0
grato;9;0;0
foro;1;0;9
firma;6;0;2
financiar;10;0;0
filiar;5;1;4
feira;8;0;2
favorecer;7;0;1
fabricacao;7;0;0
extra;9;0;1
explicacao;6;1;2
exonerar;5;0;5
exemplificativo;5;2;3
exegese;0;2;8
exceder;6;0;4
estatistica;10;0;0
especializado;7;0;0
divergente;3;4;3
disciplinado;3;3;4
didatico;9;0;1
devedor;10;0;0
desportivo;8;0;1
descredenciamento;3;3;3
depor;1;0;8
demarcar;9;0;1
delegado;4;0;1
cunha;2;1;2
cruz;7;0;0
corporacao;10;0;0
convencional;4;4;0
contran;9;0;0
contornar;6;2;0
consultar;8;0;2
construir;8;2;0
conseguir;7;1;1
congregar;5;1;4
confrontar;6;4;0
conflitar;1;9;0
confiavel;9;1;0
compensacao;9;0;1
comarca;2;0;6
colaboracao;10;0;0
coibir;5;5;0
coeficiente;1;9;0
classificacao;5;0;5
circulante;9;0;1
chefia;5;1;4
captacao;4;0;6
brandao;0;0;5
bloco;8;1;1
bicentenario;8;0;2
baratear;1;9;0
autocontencao;6;1;3
atraso;9;0;0
assente;1;8;1
assemelhar;3;2;5
asfixia;10;0;0
apurado;7;2;1
apdf;1;8;1
aparente;7;1;2
antecipar;3;0;7
anotacao;8;1;0
anacrim;1;0;6
amazonia;10;0;0
amazonense;10;0;0
alinhar;9;0;1
alexandre;3;3;2
agregar;7;1;2
aereo;8;0;0
acerto;2;4;4
absolvicao;5;0;5
abalizado;10;0;0
xxi;9;0;0
whatsapp;8;0;0
vulneracao;3;3;3
viena;9;0;0
viajar;4;0;0
usurpar;4;1;4
unificado;8;1;0
unido;7;1;1
unanimar;4;0;5
travesti;9;0;0
transacao;9;0;0
toada;5;1;3
time;8;0;0
sustar;1;0;8
surgimento;7;0;2
sujeicao;5;3;1
subtrair;7;2;0
standards;9;0;0
sra;3;0;6
souza;2;1;2
sinovac;9;0;0
sensivel;8;0;1
sda;8;0;0
saudavel;9;0;0
satelital;9;0;0
resto;8;0;1
respiratorio;9;0;0
remansoso;0;3;6
relacionamento;7;0;0
regulatorias;9;0;0
regimento;2;1;6
reformado;0;4;5
recursos_publicos;9;0;0
recorde;9;0;0
reajustar;7;0;2
reajustamento;7;1;1
racial;7;0;1
quicar;6;3;0
prontidao;0;6;3
profissao;9;0;0
produtivo;8;0;0
preto;8;0;1
presa;9;0;0
preceituar;3;5;1
positivar;2;5;2
petroleo;5;0;1
penalidade;6;0;3
pecuniario;8;1;0
omicron;9;0;0
officio;2;0;6
ocultacao;8;0;0
normal;8;1;0
nocao;4;1;4
nivaldo;0;0;9
neutralidade;8;0;0
mpf;9;0;0
montante;6;0;2
metro;8;0;0
mente;0;9;0
memorial;9;0;0
mail;8;0;0
lxii;9;0;0
lsn;6;0;3
locomocao;8;0;1
localizacao;6;0;0
localidade;7;0;1
liquidar;8;0;0
licenca;4;0;4
jurisdional;0;9;0
juri;2;0;7
irrenunciavel;9;0;0
irrecorrivel;0;1;8
irpi;8;0;0
inverso;7;0;2
invectivo;2;1;6
intoxicacao;6;0;0
instabilidade;7;1;1
insindicabilidade;4;0;5
insculpido;6;2;1
inominado;0;7;2
inibir;2;2;5
incontroverso;1;0;8
imprevisao;7;0;2
imprescindibilidade;3;2;4
impossivel;2;0;6
impetrante;5;1;3
imobiliario;8;0;0
imbuir;5;0;0
ibama;8;0;1
humanitario;9;0;0
honra;6;0;3
homem;8;0;0
higiene;9;0;0
hectare;7;0;0
gp;0;0;9
gomes;6;0;0
gilmar;1;5;2
gestante;9;0;0
geografico;7;0;2
geoestacionario;9;0;0
gasoso;6;0;0
funcionalizada;0;9;0
frances;7;0;0
fornecedor;8;0;1
forense;5;0;4
focar;7;1;1
fluxo;8;0;1
falso;8;0;1
extrajudicial;7;1;1
expressivo;4;5;0
excepcionalissimos;8;0;0
exato;4;1;4
estatutario;1;7;1
espanhol;1;6;1
esgotado;6;2;1
erratico;6;3;0
entornar;9;0;0
enderecar;5;2;2
encaminhamento;8;0;1
empresarial;7;1;0
empenho;8;0;1
ement;0;9;0
egimental;0;0;3
efemero;3;0;6
edocs;2;2;5
edificar;7;0;0
donizete;0;0;9
docs;1;0;8
docente;8;0;0
divisao;7;2;0
distante;9;0;0
distanciar;9;0;0
diferenca;6;1;2
diccao;4;5;0
diagnosticar;9;0;0
devolver;3;1;1
destino;7;0;1
desproporcional;5;1;3
designacao;6;2;1
desconstituicao;3;2;4
desautorizar;4;1;4
desatendimento;1;3;5
desacordo;7;2;0
delibacao;3;0;6
dedicar;8;1;0
decurso;4;1;4
decoro;2;1;6
corte_constitucional;1;6;2
cooperacao;9;0;0
conviccao;8;0;1
contratante;8;0;0
contingenciamento;5;1;3
consultivo;7;1;1
consensual;6;2;1
conceber;8;0;1
conass;8;0;0
completar;7;1;0
comparacao;9;0;0
comitiva;6;0;0
cognicao;2;1;6
clinico;9;0;0
china;9;0;0
cela;9;0;0
cbf;9;0;0
caro;8;1;0
cardiaco;7;0;0
caos;8;0;1
canotilho;8;0;0
batista;1;0;6
açao;0;9;0
aviao;3;0;0
atuarial;8;0;0
atento;9;0;0
assolar;9;0;0
artistico;9;0;0
arquivo;9;0;0
arbitro;8;0;0
apreender;5;0;0
anisio;5;0;0
amianto;7;1;0
alternancia;3;1;5
alocar;8;1;0
alimentar;8;0;1
adstrito;1;3;5
acordado;8;1;0
acatar;8;1;0
abrupto;6;0;2
zelar;5;0;3
xxxix;8;0;0
xlv;4;0;2
vogal;1;0;4
velocidade;8;0;0
variado;6;1;1
usina;6;0;0
usado;7;0;0
uol;8;0;0
unir;6;0;0
tunc;0;2;6
troca;4;1;1
treinamento;8;0;0
teratologia;0;8;0
sustacao;5;0;3
supremacia;3;5;0
subsidio;8;0;0
sopesar;7;1;0
sobreposicao;8;0;0
signatario;8;0;0
sexo;8;0;0
severo;8;0;0
sergipe;3;1;0
senado;4;0;4
secundarista;3;0;1
secult;6;0;2
saque;7;0;1
rree;0;8;0
rpps;8;0;0
romper;6;0;2
rogar;1;0;7
rodoviario;7;1;0
ricar;7;0;0
ressentir;5;0;3
residencia;6;0;0
resgatar;8;0;0
repeticao;3;3;2
renovar;4;1;3
renato;8;0;0
remocao;8;0;0
rememorar;4;1;3
reino;7;0;0
regulatoria;6;2;0
reeleger;1;0;7
reduzido;8;0;0
receptor;8;0;0
prouni;7;1;0
propter;6;0;2
prolator;1;1;4
presumido;1;0;5
prejudicial;4;2;2
prefacial;6;0;2
precatorio;0;6;1
precariedade;7;0;1
praia;6;0;0
portugues;6;1;0
ponta;6;0;0
pnae;8;0;0
plataforma;6;0;1
persona;7;0;0
persecucao;8;0;0
perito;5;1;0
perimetro;8;0;0
perfunctorio;2;0;6
pereira;2;0;1
pediatrico;7;0;0
passagem;3;2;3
partida;7;0;0
parametricidade;0;5;3
pagador;6;1;0
oneroso;8;0;0
omissao_inconstitucional;8;0;0
nr;8;0;0
negocio;8;0;0
negociacao;8;0;0
ne;3;0;0
mtur;6;0;2
metodo;7;1;0
manto;6;2;0
locativo;8;0;0
locaticio;5;0;3
literalidade;0;2;6
largo;7;1;0
ka;8;0;0
judicializacao;5;2;1
jan;6;1;0
irrupcao;8;0;0
ira;8;0;0
investidor;8;0;0
inves;8;0;0
intransponivel;1;5;2
interinstitucional;7;1;0
intempestivo;3;2;3
insuperavel;2;5;1
inexigibilidade;4;0;4
inerte;5;0;3
inedito;2;0;5
induzir;5;1;2
indicativo;6;0;2
incursao;6;1;1
incongruencia;0;5;3
imprevisto;8;0;0
impregnar;2;6;0
implantacao;7;0;1
impetracao;1;5;2
imperioso;5;1;2
impeachment;1;0;7
iminencia;6;0;2
iac;0;3;5
hierarquico;2;2;4
hazenclever;2;0;5
guaido;6;0;0
gravoso;7;1;0
glifosato;7;0;0
gerir;8;0;0
gerenciar;8;0;0
generalizado;6;0;2
fumus;2;0;6
fulminar;1;0;7
fulcro;6;0;2
frustracao;4;4;0
fragilizar;7;0;1
fragilizacao;6;2;0
fotografia;4;0;0
forcoso;2;2;4
fomentar;8;0;0
filiacao;1;0;7
felipe;0;0;5
fefc;2;0;6
faturamento;6;0;2
farmaco;8;0;0
facultar;5;0;3
facility;8;0;0
fabricar;8;0;0
extracao;7;1;0
extenso;7;0;1
exportar;7;0;1
exponencial;7;0;1
expendidos;3;4;1
etnico;6;0;1
estreito;4;2;2
estadio;8;0;0
especializar;6;0;0
equivaler;5;1;2
emprestar;4;4;0
embrionario;2;0;6
eleitorado;7;0;0
eficacial;0;1;7
durar;7;0;1
doente;7;0;1
dezena;3;0;5
despachei;3;0;5
desdobramento;2;4;2
desconhecer;5;2;1
descaracterizar;0;7;1
democrata;4;2;2
demasia;2;5;1
demandado;6;1;1
decada;3;0;5
custar;7;0;0
culpabilidade;1;0;7
cuba;4;0;3
ctn;8;0;0
cruel;8;0;0
crescimento;8;0;0
crescente;8;0;0
cp;8;0;0
covax;8;0;0
coronel;5;0;0
convergente;2;4;2
conveniente;8;0;0
contributivo;6;0;2
confusao;3;3;1
conferenciar;7;0;0
concretude;6;2;0
companhia;3;0;4
companheiro;6;0;2
comercializar;7;0;0
comecar;8;0;0
coletor;8;0;0
colegialidade;0;8;0
coincidencia;1;0;7
coimbrao;4;1;1
coercitivo;1;0;7
cobrir;8;0;0
cne;8;0;0
clima;5;0;3
circunscricao;5;0;3
chegada;8;0;0
chance;6;0;2
chamar;7;0;1
cessacao;1;3;4
centena;8;0;0
cancado;2;0;5
campestre;0;0;8
caixa;7;0;1
boni;2;0;6
bombeiro;8;0;0
bloquear;6;0;2
barragem;3;1;4
azar;2;1;4
autorizadores;5;2;1
autenticidade;7;0;0
assessoramento;7;1;0
aprimoramento;7;0;1
anteceder;2;4;2
antecedente;7;0;1
andrade;3;0;2
analogia;3;1;4
analitico;1;4;3
amigo;6;2;0
alugar;7;1;0
alinhamento;8;0;0
afigurando;8;0;0
afeto;7;0;1
adjunto;4;0;0
adimplemento;1;0;7
aco;7;0;1
abracrim;2;0;5
zfm;5;0;0
xx;5;2;0
xix;6;1;0
voo;3;0;0
vivo;7;0;0
virar;2;0;5
vies;6;0;1
vetor;6;0;1
vertical;2;5;0
vene;7;0;0
valoracao;6;0;1
uno;0;7;0
unipartidaria;1;0;6
unilateral;4;2;1
turismo;5;2;0
tracar;4;3;0
trabalhar;5;0;1
tocar;4;1;2
tipicidade;2;4;1
temporalidade;7;0;0
teleologico;0;1;6
tarcisio;2;1;4
suspeicao;1;1;4
supracitado;2;1;4
substantivar;0;6;1
sisu;7;0;0
separado;5;1;1
sbim;7;0;0
sans;0;7;0
sancionadores;7;0;0
ruy;4;0;3
rural;7;0;0
roma;7;0;0
rodovia;4;2;1
rir;1;0;6
rigido;3;2;2
rezek;0;7;0
revisional;3;0;3
retotalizacao;0;0;6
resumo;3;3;1
repressivo;1;6;0
repisar;2;4;1
reitor;7;0;0
regularizar;4;0;3
redistribuicao;2;0;5
recomposicao;6;0;1
recife;6;0;1
rebanho;7;0;0
reabrir;7;0;0
radical;6;0;1
punitivo;2;3;2
propugnar;4;0;3
progressao;7;0;0
process;0;6;1
probidade;4;1;2
privacidade;7;0;0
priorizar;7;0;0
primo;4;3;0
press;6;0;0
preparar;6;1;0
prematuro;5;1;1
predominante;1;3;3
precitado;6;0;1
praca;4;0;3
petendi;0;0;7
pessoalidade;7;0;0
personalidade;7;0;0
perplexidade;6;1;0
perpassar;5;2;0
perfilhar;0;1;6
penitenciar;6;0;1
patria;4;1;2
partilhar;7;0;0
particularidade;3;3;1
pars;7;0;0
parlatorio;7;0;0
paritario;7;0;0
pardo;7;0;0
paralisacao;5;0;2
paradigmatico;2;4;1
outorgante;2;0;5
organizacional;6;0;1
organismo;3;2;2
organicidade;0;1;6
online;6;0;1
omitir;4;1;2
olvidar;6;0;1
olhar;3;1;3
nuvem;6;0;0
news;4;0;3
motorista;4;0;2
mortalidade;6;0;0
moradia;4;3;0
moderador;5;0;2
minuto;7;0;0
migratorio;5;0;1
memoria;5;0;0
melhora;6;0;1
mecanico;6;1;0
marginalizacao;7;0;0
mandela;7;0;0
majoritario;2;1;4
majoracao;6;0;1
lvi;7;0;0
loco;7;0;0
litro;6;0;0
liquidante;6;0;1
line;5;0;0
liberar;4;0;3
liberal;3;0;2
lesar;1;4;0
legivel;7;0;0
lealdade;7;0;0
jurujuba;5;0;0
junta;2;0;5
jogador;7;0;0
jcvi;6;0;0
ivermectina;7;0;0
isonomico;2;0;5
irregular;7;0;0
intitular;7;0;0
interacao;7;0;0
intentar;4;0;3
insubsistentes;0;7;0
insculpir;5;1;1
ingles;6;1;0
infectologia;7;0;0
industrializacao;7;0;0
inducao;7;0;0
indexador;5;2;0
indesejavel;7;0;0
indeferi;5;0;2
indeclinavel;4;3;0
incontido;7;0;0
incompetencia;0;2;5
incitamento;0;0;7
incerto;2;4;1
inalterado;6;0;1
impossibilitar;7;0;0
imento;0;0;4
identificavel;2;4;1
idec;2;0;2
historiar;7;0;0
harmonizar;4;0;3
harmonizacao;5;0;2
guiar;7;0;0
guarir;1;4;2
grief;0;6;0
gravidez;7;0;0
graduacao;5;0;1
gm;7;0;0
garantidor;7;0;0
gadh;4;0;0
fugir;7;0;0
frustrar;5;0;2
fruicao;7;0;0
flexibilizar;7;0;0
fito;7;0;0
findar;1;4;2
figurar;4;2;1
fake;3;0;4
expurgar;4;0;0
explicitacao;6;0;1
expandir;4;3;0
exequente;0;1;6
exaustao;1;6;0
estruturacao;7;0;0
estadunidense;5;2;0
estabilidade;4;1;1
especificidade;3;3;1
especializacao;5;2;0
esgotar;5;1;1
escasso;7;0;0
envasar;7;0;0
entrelacamento;7;0;0
enricar;5;0;2
emerson;0;0;5
embasamento;5;1;1
embaixada;7;0;0
elididas;6;0;1
egide;6;1;0
duplo;5;0;2
due;0;6;1
drap;0;0;7
domingo;5;0;1
distinguir;3;4;0
disseminar;7;0;0
disease;3;0;0
dipro;3;0;0
diminuicao;7;0;0
desumano;7;0;0
deslocamento;5;1;0
desfavoravel;1;3;3
desejar;5;0;2
desconstitui;0;1;6
desacerto;1;2;4
depen;7;0;0
denominacao;7;0;0
delimitacao;4;1;2
degradante;7;0;0
deflagracao;2;5;0
declinar;0;0;7
decadencia;3;0;3
crescer;7;0;0
credito;4;1;2
credenciamento;7;0;0
corretivo;5;0;1
corporis;0;1;6
corolario;6;0;1
conversa;3;0;0
contravencao;3;1;3
contrario;2;5;0
contraprestacao;7;0;0
consolidacao;4;2;1
consignei;5;0;2
consectariamente;0;1;6
consectaria;2;1;4
conformar;5;1;1
conexo;1;3;3
concordar;7;0;0
conciliatorio;3;3;1
concepcao;4;0;3
compelir;7;0;0
comemorativo;4;2;1
coincidir;2;2;1
cmb;6;1;0
cingir;2;1;4
ciclo;5;2;0
cgpi;7;0;0
certeza;3;2;2
cerceamento;1;0;6
centrar;2;1;1
catedra;2;3;2
cartunista;6;0;1
carcerar;5;1;1
cancelar;7;0;0
caminhar;6;1;0
cadastrar;6;0;0
bras;7;0;0
bolivariana;7;0;0
biotech;7;0;0
bater;7;0;0
barro;1;0;2
banir;7;0;0
bairro;6;1;0
aviso;3;4;0
avenida;5;0;0
autorizativa;3;0;4
atrelar;3;2;2
atlantico;7;0;0
assistente;2;0;5
assento;1;1;5
assecuratorias;7;0;0
articulado;4;2;1
arrimo;3;1;3
aprofundar;7;0;0
alicerce;7;0;0
alertar;6;1;0
albuquerque;2;0;1
alastramento;7;0;0
afirmativo;2;0;5
advento;4;2;1
aderir;7;0;0
acusatorio;0;3;4
acostar;1;0;6
aclaratorios;0;0;7
acentuado;5;2;0
york;5;0;0
xxxii;6;0;0
xlvi;4;0;2
vocacao;5;1;0
vinda;4;0;2
vinculantes;3;0;3
vendido;4;0;0
valorizacao;6;0;0
utilizaçao;0;6;0
usufruir;6;0;0
unissono;0;5;1
ultra;3;2;1
twitter;6;0;0
travar;3;2;1
transportar;3;0;0
transmissor;6;0;0
transicao;2;0;4
transcorrer;4;1;1
traducao;5;1;0
toque;5;0;1
tergiversar;6;0;0
suportar;6;0;0
sucedido;1;3;2
subjetividade;4;1;1
subcomissao;5;0;0
solo;6;0;0
solapar;6;0;0
sociedade_civil;6;0;0
sls;0;2;4
sl;0;0;6
sinal;6;0;0
sidney;0;2;4
seletivo;2;3;1
segredo;6;0;0
segmento;4;2;0
seculo;6;0;0
secretario;5;1;0
salvador;1;2;3
roupagem;1;5;0
rosa;0;0;6
rompimento;3;1;2
rev;6;0;0
retroativo;2;0;4
retratar;3;2;1
retificacao;6;0;0
residente;5;0;0
rescisao;2;3;1
reputado;2;1;3
reprimir;6;0;0
repercutir;1;1;4
repentino;4;0;2
repelir;0;2;4
repassar;5;0;0
remunerar;5;1;0
religioso;3;1;2
relevantissima;1;5;0
rejeito;0;5;1
redatoria;0;0;6
reconsiderar;0;0;6
reaccao;5;0;0
reacao;6;0;0
quociente;0;0;6
quo;1;0;5
quitacao;6;0;0
queixa;5;1;0
punicao;1;0;5
psdb;3;0;3
provavel;6;0;0
propiciar;6;0;0
processante;5;0;1
problematico;2;0;4
primitivo;0;0;6
prevalecente;1;0;5
presidir;2;0;3
preamar;5;1;0
posteriori;6;0;0
posicionar;5;1;0
populacional;6;0;0
pmb;0;1;5
pinheiro;0;0;3
pietro;5;0;1
pgfn;3;1;2
pg;0;6;0
petreo;0;5;1
pesquisador;6;0;0
permear;6;0;0
pericial;5;0;0
pec;4;0;1
participativo;5;1;0
paridade;4;0;2
pano;6;0;0
onu;5;0;0
officium;6;0;0
ofendido;2;0;4
oder;4;1;0
objecao;4;1;1
noblat;6;0;0
nitrogenado;5;0;0
nicolas;4;0;0
new;5;0;0
nelson;1;2;1
mudar;2;1;2
mtp;1;0;5
monitorar;6;0;0
molestia;6;0;0
minudente;2;4;0
minerio;6;0;0
micro;6;0;0
menstruar;6;0;0
menina;6;0;0
medo;4;0;0
medicamentoso;6;0;0
maternidade;6;0;0
marcante;5;0;1
marcal;5;0;1
manifesto;1;3;2
maduro;4;0;0
machado;5;0;1
lucro;6;0;0
loman;0;1;5
literatura;5;0;1
lins;4;0;2
licao;5;1;0
levantar;2;1;3
lapso;3;1;1
lacuna;4;1;1
lactante;6;0;0
justen;5;0;1
jurista;1;0;5
judicioso;0;0;6
juan;6;0;0
italia;6;0;0
itaguai;4;0;2
irrelevante;0;1;5
ipi;6;0;0
invadir;6;0;0
intervalo;5;0;1
interministerial;6;0;0
intermediario;2;4;0
interessante;5;1;0
institucionalidade;1;5;0
inovador;1;4;1
inobservados;2;3;1
inibitorio;3;0;3
ingrediente;6;0;0
informatizado;5;0;1
individualizaveis;0;6;0
incompleto;1;0;5
inativo;4;0;1
imunizado;6;0;0
impugnam;1;3;2
imprimir;5;1;0
imigracao;6;0;0
ilustrar;2;0;4
igreja;0;5;1
idoneidade;2;4;0
ibccrim;1;0;2
html;6;0;0
homenagem;3;0;3
hierarquizacao;3;0;0
hermeneuticas;0;4;2
hegemonico;5;0;1
guia;6;0;0
grafico;4;2;0
governanca;6;0;0
gonet;1;2;0
gatt;6;0;0
garcia;2;0;4
gama;1;0;2
fruto;6;0;0
frequente;6;0;0
fraudulento;1;0;5
fragilidade;5;0;0
foto;4;0;0
fortuna;5;0;0
floresta;5;0;0
fiscalizar;5;0;1
financa;6;0;0
fiar;5;0;1
fbasd;5;0;1
falecer;0;3;3
extravagante;1;4;1
extensivo;2;0;4
experimentar;4;2;0
expansao;6;0;0
exoneracao;1;0;5
existencial;6;0;0
eximir;5;0;1
exclusividade;5;1;0
excedente;5;1;0
exauriente;1;4;1
estupro;4;0;0
espectro;5;1;0
esgoto;0;0;6
escritorio;2;1;1
escrita;5;1;0
erradicar;6;0;0
equiparacao;3;0;3
equacionamento;3;0;3
epidemico;6;0;0
energico;6;0;0
encarregar;5;1;0
empreendimento;6;0;0
empirico;6;0;0
elias;2;0;1
el;0;0;4
eixo;4;0;0
dupla;1;3;2
douto;0;1;5
domestico;4;0;2
doacao;4;2;0
dnpm;4;0;0
dje30;0;6;0
diligente;6;0;0
diego;6;0;0
detectar;3;0;3
desvincular;2;1;3
desiderato;3;1;2
desfecho;2;1;3
desequilibrio;5;1;0
desemprego;6;0;0
descaso;5;0;1
depedh;5;0;0
democratizacao;5;0;1
dem;3;0;3
delegar;1;0;5
delegacia;6;0;0
defensivo;6;0;0
deducao;0;6;0
debitar;5;1;0
cupula;0;3;2
cruzar;4;1;1
crj;3;1;2
crisotila;6;0;0
criminalizacao;5;1;0
criminalista;2;0;4
correspondencia;6;0;0
correntista;6;0;0
cor;6;0;0
copacabana;5;0;0
convocatorio;3;0;3
contramao;6;0;0
contramajoritario;6;0;0
contraindicacoes;5;0;0
contemporaneo;3;2;1
contaminado;4;0;2
consultor;4;0;2
constricao;2;3;1
constrangimento;3;1;2
consentir;4;0;2
consectario;3;0;3
condizente;6;0;0
condicionamento;5;0;1
concentrar;5;0;0
conasems;6;0;0
computar;3;0;3
complemento;6;0;0
complementacao;3;3;0
colocacao;3;0;3
coletar;4;0;2
colaciono;1;1;4
colacionadas;2;4;0
cofre;5;0;0
coerente;1;5;0
coerencia;1;2;3
coaf;5;0;1
clinica;5;0;1
civilizatorio;5;1;0
cisterna;3;0;0
chines;6;0;0
cepa;6;0;0
cdn;5;0;0
causador;4;1;0
caráter;0;6;0
carf;4;2;0
carcerario;6;0;0
capitulo;1;0;5
campeonato;6;0;0
brom;0;1;3
aventar;2;4;0
auditorio;6;0;0
assertiva;5;0;1
arp;5;0;0
aroeira;6;0;0
arma;4;0;2
argentino;5;0;1
arcar;6;0;0
arbitrar;6;0;0
aproveitar;4;1;1
aplicativo;6;0;0
aperfeicoado;4;1;1
antecedencia;5;0;1
animal;6;0;0
anglo;4;2;0
ampl;6;0;0
amoldar;0;4;2
ambulatorial;6;0;0
amazonico;5;1;0
alocacao;6;0;0
alarmante;6;0;0
agudo;6;0;0
afa;3;0;1
acreditante;5;0;0
acomodacao;6;0;0
acidente;5;0;0
acessorio;3;0;3
acessar;5;1;0
acelerar;6;0;0
acauteladora;1;0;5
abstracao;0;6;0
abrigo;1;2;1
abordar;3;1;2
abi;2;0;2
23h59;3;0;1
zornig;2;0;3
xlvii;2;0;3
xeque;3;2;0
www1;5;0;0
vulneradoras;5;0;0
visualizacao;5;0;0
vistoriador;4;0;0
venire;3;0;1
vencedor;0;0;5
vda;5;0;0
vazar;1;0;4
uniformizar;0;0;5
trump;5;0;0
transmissivel;5;0;0
transgredir;1;0;4
transcender;2;3;0
tragico;5;0;0
tracado;1;0;4
totalizar;5;0;0
torneio;5;0;0
torcedor;5;0;0
tonelada;3;0;0
tolher;4;1;0
tmrsu;4;0;1
tjce;0;2;3
testemunha;1;0;4
temporariedade;3;1;1
tangenciar;4;0;1
tablets;5;0;0
surpresa;1;0;4
surpreender;4;0;1
suplente;4;0;0
superficial;3;0;2
sudoeste;2;2;1
sucesso;3;2;0
subconcessao;4;0;1
sozinho;5;0;0
sorteio;0;4;1
soldado;4;1;0
socorrer;2;1;2
smartphones;5;0;0
sjdf;3;1;1
sitio;5;0;0
silenciar;3;0;2
sigla;4;0;0
sentir;3;2;0
sentenciar;1;0;4
senador;3;0;2
semestre;5;0;0
semantico;2;1;2
seco;5;0;0
sctie;3;1;0
sao;2;0;3
salvaguarda;2;1;2
saltar;5;0;0
salomao;0;0;5
ruptura;3;0;2
rr;1;0;4
rogacao;0;0;5
ritmo;5;0;0
rg;1;2;2
revogador;1;1;2
reverso;3;1;1
retrorreferidos;2;0;3
retroceder;5;0;0
reter;3;0;2
restante;4;0;0
responsabilizar;3;0;2
rescindir;0;5;0
remineralizadores;4;0;0
remanescer;0;3;2
relevar;2;2;1
regressivo;5;0;0
reformar;0;1;4
redundar;5;0;0
redor;4;1;0
recomendavel;4;0;1
reclusao;5;0;0
receio;5;0;0
reavaliacao;5;0;0
realce;1;4;0
ranking;5;0;0
quilometro;5;0;0
quadrado;5;0;0
prorrogar;5;0;0
prolatadas;1;0;4
progressivo;5;0;0
programatico;3;1;0
prescricional;1;0;4
preparativo;5;0;0
preferencial;5;0;0
precoce;5;0;0
precipitado;2;3;0
preambular;5;0;0
praga;5;0;0
postagem;5;0;0
porte;5;0;0
poluidor;5;0;0
polemicar;1;4;0
pobre;5;0;0
pm;5;0;0
pluralidade;4;0;1
plebiscito;3;0;1
plantar;4;0;0
placa;4;1;0
pix;4;0;0
piorar;5;0;0
petrobras;5;0;0
petriv;0;0;5
petitar;2;0;1
peticionaria;3;1;1
perpetuacao;2;2;1
permissivo;2;3;0
perigoso;5;0;0
pergunta;5;0;0
perenizacao;0;5;0
pender;1;2;2
pcr;3;0;0
paraguai;5;0;0
pad;1;1;3
pacote;4;1;0
paa;5;0;0
ostensivo;2;0;3
orleans;0;0;5
oferecimento;4;0;1
odontologico;5;0;0
obstaculizar;0;5;0
observatorio;2;0;3
obliquar;0;5;0
objetividade;1;3;1
obediencia;5;0;0
nunc;1;0;4
nullite;0;5;0
noventena;3;1;1
norteador;5;0;0
normatizacao;5;0;0
nomenclatura;3;2;0
nocividade;4;0;0
nitazoxanida;5;0;0
multiplicacao;0;4;1
mps;5;0;0
morto;4;0;1
morosidade;5;0;0
montagem;5;0;0
moldar;0;5;0
moderno;4;1;0
mistura;4;0;0
minimizar;4;0;1
milimetro;5;0;0
migracao;2;3;0
microinstitucionalidade;5;0;0
metropolitano;2;1;2
metalico;5;0;0
mello;2;2;1
matriz;5;0;0
materializacao;5;0;0
matar;5;0;0
marques;0;0;4
mario;1;0;4
mar;4;0;0
manuseio;1;3;1
manipulativa;3;0;2
manha;3;0;0
manchete;5;0;0
magalhaes;1;0;4
mae;5;0;0
lunardi;5;0;0
lt;0;0;5
louvavel;2;1;2
loteria;0;4;0
lotado;4;0;0
localizasus;4;0;0
live;4;0;0
limpeza;5;0;0
limine;0;5;0
licitatorio;5;0;0
lex;2;1;2
levantamento;5;0;0
lavagem;5;0;0
lamentavel;5;0;0
juridicidade;4;0;1
jun;2;2;0
iuris;0;2;3
italiano;5;0;0
isonomica;4;0;1
irrefutabilidade;5;0;0
inundacao;5;0;0
intromissao;5;0;0
interventivo;2;1;2
interromper;4;0;1
internar;5;0;0
interessar;3;0;2
interdependencia;1;3;1
intenso;2;3;0
intangibilidade;5;0;0
instrumentalizacao;5;0;0
instantaneo;4;0;0
inoculantes;4;0;0
injustificadamente;1;0;4
infundado;4;0;1
ineficiente;4;1;0
industrializado;4;0;0
individualizacao;4;0;1
indistinto;5;0;0
indisponibilidade;2;0;3
indiscutivel;2;1;2
indenizatorio;3;0;2
indenizar;1;0;4
incrementar;5;0;0
incolumidade;5;0;0
inapto;3;1;1
inadmissao;1;1;3
imunologico;3;0;0
implemento;3;0;2
imperial;3;0;0
ilustre;2;0;3
ideologia;4;1;0
id;3;0;2
ic;3;0;0
htm;5;0;0
hostilizar;3;1;1
homologatoria;1;3;1
hidroxicloroquina;5;0;0
hermeneutica;1;2;2
heleno;5;0;0
guardiao;1;3;1
gravar;5;0;0
gratificacao;2;1;2
grassar;4;0;1
glmar;0;5;0
ghtml;5;0;0
gerencial;5;0;0
georreferenciamento;5;0;0
gente;4;0;0
gefap;3;0;0
geade;5;0;0
gaucho;1;0;4
furtar;2;1;2
frontal;0;5;0
frio;5;0;0
franquear;4;1;0
fomento;5;0;0
fisco;3;1;1
fischer;0;4;1
fiscalizatoria;4;0;1
finar;0;2;3
fiel;3;0;1
ficticio;1;0;4
fge;4;0;0
feriado;1;4;0
fechar;5;0;0
fechado;4;0;0
fatal;5;0;0
falencia;5;0;0
explosao;5;0;0
explorar;3;1;1
exemplificar;2;0;3
executor;4;0;1
excetuar;3;1;1
exacao;5;0;0
et;1;1;1
estruturar;5;0;0
esteio;3;0;2
estampar;3;0;2
essencialidade;2;3;0
esporte;5;0;0
escravo;4;0;1
escala;5;0;0
equivoco;4;1;0
equilibrioesaude;5;0;0
equidistante;5;0;0
equador;5;0;0
episodico;5;0;0
envergadura;4;0;1
ensinar;3;2;0
ensejo;2;2;1
ensejador;1;2;2
ensaio;5;0;0
enfermeiro;5;0;0
enfatico;1;3;1
encarcerar;5;0;0
emprestimo;5;0;0
empossar;0;0;5
emolumento;2;1;1
emissor;5;0;0
eliminacao;4;1;0
elastecimento;4;0;1
eivar;3;1;1
duro;5;0;0
dramatico;5;0;0
donald;5;0;0
doloso;2;2;1
dobrar;5;0;0
ditadura;5;0;0
discrepancia;4;1;0
diplomar;0;0;4
difusao;4;0;1
dicotomia;4;0;0
dialogico;4;0;1
detento;5;0;0
desvirtuar;2;1;2
despachar;1;0;4
desocupacao;5;0;0
desistir;3;0;2
desincompatibilizacao;0;0;5
desigual;4;1;0
desembolso;5;0;0
descumpridores;0;5;0
desconsideracao;5;0;0
desconhecido;2;1;2
descentralizacao;4;0;0
desabastecimento;3;0;2
depredacao;3;0;2
delito;5;0;0
deleterio;4;0;1
degradacao;5;0;0
deficit;5;0;0
defensor;2;1;2
declinio;2;0;3
decano;3;2;0
david;4;0;0
custear;5;0;0
culminar;3;1;1
cuidadoso;0;4;1
critico;5;0;0
criatividade;5;0;0
costume;5;0;0
corrido;4;0;1
cooperativa;5;0;0
convenio;5;0;0
convencionalidade;3;2;0
contrastar;5;0;0
contrariado;0;1;4
contrapor;4;0;1
contextual;5;0;0
contento;3;2;0
contabilizar;5;0;0
constatacao;3;0;2
consentaneo;1;0;4
conselheiro;4;0;1
consecucao;0;4;1
consanguineos;3;0;2
conjurmec;5;0;0
conjugado;0;5;0
congenere;5;0;0
confortavel;5;0;0
configuradoras;0;5;0
confiabilidade;5;0;0
concluso;0;2;3
compensar;5;0;0
comerciante;4;0;0
colombia;4;0;1
college;3;0;0
colendo;0;1;4
colacao;1;0;4
colaborar;5;0;0
cogitaveis;5;0;0
cobrador;4;0;1
cnpj;5;0;0
civico;4;0;1
cit;4;1;0
circular;4;0;1
chile;5;0;0
chancela;4;0;1
cesta;5;0;0
cerrado;5;0;0
cearense;0;3;2
cdc;5;0;0
casar;2;0;3
capitar;5;0;0
capacitacao;5;0;0
caotico;5;0;0
canone;5;0;0
camargo;0;2;3
burlar;2;0;3
bruno;4;0;1
brumado;1;1;3
biofertilizantes;4;0;0
barco;3;0;0
bangkok;5;0;0
bancada;0;1;4
baixar;5;0;0
avulso;0;0;5
avancar;4;1;0
autuar;2;0;3
autodeclaratorios;4;0;0
autarquico;5;0;0
auditor;4;1;0
audio;5;0;0
atualidade;4;1;0
atravessar;4;0;1
atitude;5;0;0
atingimento;3;1;1
astrazeneca;4;0;0
assinalacao;3;0;0
asseverei;3;0;2
ascensao;5;0;0
arrepio;3;0;2
arrefecimento;5;0;0
ari;0;2;1
apregoar;0;1;4
aposta;1;3;1
aposentadoria;4;0;0
apor;3;0;2
apice;5;0;0
apertado;3;0;2
apensar;0;4;1
anulado;0;0;5
anistia;1;1;3
amplificar;5;0;0
ambiguidade;5;0;0
aliado;4;0;0
alagoano;3;0;0
ala;5;0;0
ajg;2;2;1
aeroporto;3;0;0
advertencia;5;0;0
adestramento;5;0;0
adesao;5;0;0
adcs;0;0;5
acusacao;5;0;0
acompanhante;4;0;1
acertado;2;1;2
abandonar;5;0;0
5o;4;0;1
00m2;5;0;0
é;0;4;0
zanella;4;0;0
xxiv;2;0;2
xli;4;0;0
willeman;4;0;0
white;3;1;0
vulnerando;4;0;0
violento;4;0;0
vinicius;2;0;2
vinculativo;1;1;1
viasat;2;0;1
viajante;3;0;0
vfe;4;0;0
vespera;3;0;1
vertice;1;2;1
verossimilhanca;3;1;0
verbi;2;1;1
vegetal;4;0;0
vazio;2;0;2
vandalismo;0;0;4
uruguai;4;0;0
ura;4;0;0
university;3;0;0
ubes;3;0;1
ubaldo;0;0;4
trf;4;0;0
treinador;4;0;0
transnacional;3;0;1
transmutabilidade;0;1;3
transigir;4;0;0
trago;3;1;0
tragedia;4;0;0
trafegar;0;2;1
titularizacao;0;0;4
titulacao;4;0;0
tirar;4;0;0
tipi;3;0;0
testilha;2;1;1
testar;4;0;0
testagem;4;0;0
tesouro;3;1;0
terminativos;0;0;4
terminativo;0;0;4
teresa;3;0;1
tenente;4;0;0
tendencia;4;0;0
telegram;4;0;0
telefonia;3;1;0
tantum;2;2;0
tanque;3;0;0
sylvia;4;0;0
sustentaculo;0;4;0
suscetibilidade;4;0;0
supervisionar;4;0;0
sucumbentes;0;4;0
subterfugio;4;0;0
subsuncao;3;1;0
substancioso;0;0;4
subprincipio;2;2;0
subnotificacao;4;0;0
subjazer;0;0;4
subcriterios;4;0;0
subchefia;3;0;0
srag;4;0;0
sputnik;4;0;0
societario;4;0;0
sobrepor;4;0;0
sobrecarregar;4;0;0
sobrecarga;4;0;0
sobrar;4;0;0
situaçao;2;2;0
sindicavel;1;2;1
shtml;3;0;1
severino;0;0;4
set;4;0;0
sensibilizacao;3;0;0
selecionar;4;0;0
seio;2;0;2
sebrae;4;0;0
sd;1;0;2
schlink;4;0;0
saxao;4;0;0
salvamento;4;0;0
sabido;3;0;1
rotular;0;1;3
robusto;4;0;0
rnds;4;0;0
rincao;4;0;0
reviver;4;0;0
retroatividade;0;0;4
retratacao;1;0;3
retificar;3;0;1
responsiveness;4;0;0
republicacao;3;1;0
republica1;4;0;0
repristinatorio;0;2;1
repressao;4;0;0
reincidencia;4;0;0
regulatorio;4;0;0
regina;3;0;1
regente;4;0;0
refutar;1;1;2
refutacao;0;0;4
redistribuir;1;0;3
recuo;4;0;0
recrudescimento;3;1;0
recorribilidade;0;0;4
reaplicacao;4;0;0
ratificacao;4;0;0
racional;3;0;1
raca;4;0;0
queima;0;2;2
quantificacao;4;0;0
quantia;2;0;2
puerperas;4;0;0
protagonismo;4;0;0
propagar;3;0;1
proibido;2;0;2
progressividade;4;0;0
proativa;4;0;0
previsibilidade;4;0;0
preterir;3;1;0
pretencao;3;1;0
prescindir;2;1;1
prescindibilidade;1;2;1
premiem;4;0;0
preferir;4;0;0
predominar;0;4;0
predominancia;4;0;0
portuario;4;0;0
pormenorizado;3;0;1
porcento;4;0;0
polo;2;0;2
policiamento;1;0;3
pnea;4;0;0
plenitude;2;0;1
pieroth;4;0;0
php;3;0;1
pge;1;2;1
pfl;0;0;4
peso;4;0;0
perturbacao;4;0;0
persistencia;1;1;2
perpetuar;3;0;1
permissionario;4;0;0
penhora;1;3;0
pedagogico;4;0;0
paz;3;1;0
paulista;2;1;1
patriota;2;0;2
parlatorios;4;0;0
parceiro;4;0;0
paralelo;3;1;0
paliar;0;0;4
paiva;0;0;4
pagina;4;0;0
ouvidoria;4;0;0
orbitar;0;0;4
opinio;0;1;3
onerosidade;3;0;1
ofensivo;1;3;0
oceano;4;0;0
numerus;0;4;0
numeracao;3;0;1
novum;0;2;2
novidade;3;0;1
nov;4;0;0
notarial;3;1;0
nocivo;4;0;0
nitrogenio;3;0;0
neutralizador;0;4;0
nefasto;3;1;0
nascimento;2;1;0
morbimortalidade;4;0;0
morador;0;4;0
montebello;4;0;0
modernizacao;3;0;1
ministrar;3;1;0
minerario;4;0;0
mf;4;0;0
meritorio;3;0;1
merecedor;3;1;0
mental;4;0;0
menosprezar;3;0;1
medina;0;0;4
mdb;1;1;2
matizar;4;0;0
materialidade;4;0;0
massivo;4;0;0
marianna;4;0;0
maranhense;2;1;1
maquinar;4;0;0
manuel;4;0;0
manifestante;4;0;0
mandamental;0;4;0
lxix;2;0;2
lume;2;2;0
lula;2;0;2
locus;3;0;1
locador;3;1;0
livro;4;0;0
litisconsorte;0;0;4
litigiar;0;4;0
lisura;2;0;2
lider;4;0;0
licenciar;4;0;0
legenda;2;0;1
laborar;2;0;2
kg;3;0;0
jesus;3;0;1
jerusalem;3;0;0
japao;4;0;0
ives;0;0;4
ivda;3;0;0
israelense;4;0;0
israel;4;0;0
irrevogavel;4;0;0
irreversivel;3;1;0
irresignado;0;0;4
irreparavel;4;0;0
ipc;3;1;0
investidura;0;0;4
investida;4;0;0
invalido;4;0;0
invalidade;0;2;2
intercept;4;0;0
intensificar;3;0;1
integrativo;0;0;4
instrumentalizada;1;2;1
instauravel;0;4;0
instagram;4;0;0
inspetoria;4;0;0
insidioso;4;0;0
inquisitivo;4;0;0
inquinado;4;0;0
inquestionavel;2;0;2
inocuo;1;1;2
inmetro;4;0;0
infarto;4;0;0
inespecifica;0;0;4
indispensabilidade;2;0;2
indiciar;4;0;0
indicador;4;0;0
index;4;0;0
indesejado;3;1;0
indefinido;0;1;3
indagar;4;0;0
indagacao;2;2;0
inconformado;1;1;2
incondicionado;3;0;1
inaptidao;1;3;0
inacoes;4;0;0
inacio;2;0;2
improvidos;0;4;0
impertinente;3;0;1
imoralidade;1;0;2
imiscuir;1;0;3
imaterial;4;0;0
ilustrativo;2;1;1
idesp;2;1;1
ial;0;0;4
humoristico;4;0;0
hostilizacao;0;4;0
higienizacao;4;0;0
hierarquizar;4;0;0
grifando;0;1;3
gratia;2;1;1
grao;4;0;0
ggrep;3;0;0
ggmed;4;0;0
getulio;4;0;0
geografia;4;0;0
garimpeiro;4;0;0
gandra;0;0;4
gabin;3;0;0
fux;1;0;3
fuso;3;0;0
fundo_penitenciario_nacional;3;0;1
fuga;3;0;1
fracao;1;3;0
formulario;3;0;1
fluvial;4;0;0
feto;4;0;0
ferrugem;4;0;0
fenomeno;3;1;0
febre;4;0;0
farmacologico;4;0;0
falecimento;0;0;4
falecido;1;0;3
fadiga;4;0;0
extrativista;4;0;0
extemporaneo;0;3;1
explicito;1;2;1
explanar;2;0;2
expediente;2;0;2
exiguidade;4;0;0
evoluir;2;2;0
europa;4;0;0
estipuladoras;0;0;4
estavel;2;0;2
estatura;3;1;0
estagiar;3;0;1
espiritar;2;1;1
escusado;2;0;2
escrutinar;2;2;0
escalao;2;0;2
equivalente;4;0;0
equacionar;2;2;0
episodiar;4;0;0
enumerar;4;0;0
entrevista;3;1;0
enfermidade;4;0;0
encomenda;4;0;0
en;1;1;1
emocional;3;0;0
embriao;4;0;0
embargabilidade;0;0;4
elevacao;1;1;2
elencadas;3;0;1
elenca;2;1;1
edilidade;0;0;4
drastico;4;0;0
dolo;4;0;0
doar;4;0;0
distribuidor;3;1;0
dissonancia;1;1;2
disparar;2;1;1
discrepando;2;0;2
dirve;4;0;0
diretivo;1;0;3
dimu;4;0;0
dilatar;4;0;0
diferir;2;0;2
detalhe;4;0;0
detalhamento;4;0;0
desvantagem;2;2;0
destoar;1;0;3
desqualificar;1;2;1
desprestigiar;3;1;0
desporto;2;0;1
despender;3;0;1
desnaturem;4;0;0
desmonte;4;0;0
desmedidamente;0;4;0
desespero;4;0;0
desejavel;1;0;3
descritivo;3;1;0
descontinuidade;4;0;0
descobrir;4;0;0
desbordam;1;0;3
desativacao;4;0;0
desapropriacao;3;0;1
derradeiro;3;0;1
deportacao;3;0;1
dependente;3;1;0
densificados;4;0;0
delicti;0;1;3
defrontar;4;0;0
decrescimo;4;0;0
decisivo;1;1;2
debrucar;1;1;2
custeio;4;0;0
cumulativo;1;2;1
culpado;0;0;4
cubico;4;0;0
cubano;4;0;0
cronicar;4;0;0
cr;3;1;0
cpis;1;0;3
corrupcao;2;0;2
corrida;4;0;0
correlacionar;2;0;1
coords;0;0;4
coomans;3;0;0
convivencia;4;0;0
contundente;3;0;1
controvérsia;0;3;0
controverte;1;1;2
controladoria;2;0;2
contrarrazoes;2;1;1
contrair;4;0;0
consorcio;0;4;0
conscientizacao;4;0;0
congresso;1;0;3
confisco;1;1;2
confiar;2;1;1
conduto;0;0;4
condicionado;3;1;0
conclusivo;4;0;0
concertar;4;0;0
concentracao;4;0;0
compreensivel;4;0;0
comparativo;2;0;2
colheita;3;0;0
cognoscibilidade;0;0;4
cogitacao;3;0;1
cloroquina;4;0;0
clausus;0;4;0
claudio;3;0;1
cientista;4;0;0
ciente;2;1;1
centenario;4;0;0
centavo;4;0;0
cds;4;0;0
catarinense;0;0;4
castrense;4;0;0
cascavel;1;1;2
casamento;4;0;0
cartorio;4;0;0
cartografico;4;0;0
carecedor;0;1;3
cancer;4;0;0
canada;4;0;0
campbell;0;0;4
cambridge;3;0;0
cambiar;3;0;0
cachorro;3;0;1
buzzi;0;0;4
burocratico;4;0;0
bula;3;0;0
bretanha;4;0;0
boleto;4;0;0
beirao;4;0;0
bcb;4;0;0
barrar;3;0;0
balizar;1;3;0
avocacao;0;4;0
avancado;4;0;0
aval;4;0;0
autorizativas;1;3;0
atributo;1;3;0
atipico;2;1;1
asiatico;4;0;0
arrazoado;3;0;1
aresp;2;0;2
araraquara;0;0;4
aquiescencia;4;0;0
aproximar;4;0;0
aporte;4;0;0
aportar;4;0;0
apolice;4;0;0
apoiador;4;0;0
aperfeicoar;1;1;2
aperfeicoamento;4;0;0
anuencia;4;0;0
antropico;4;0;0
antijuridicidade;3;1;0
antidemocratico;2;0;2
anti;1;0;3
anormalidade;4;0;0
amazonia_legal;4;0;0
amaral;0;0;4
almejar;3;0;1
aleatorio;3;0;1
alargado;1;2;1
agressao;4;0;0
agreg;0;3;0
afazer;4;0;0
aeronave;4;0;0
adversario;4;0;0
adulteracao;3;1;0
aditar;1;2;1
adiantamento;4;0;0
acontecimento;3;1;0
acelerado;4;0;0
aceitacao;4;0;0
acabado;0;4;0
aborto;4;0;0
abordagem;4;0;0
aaas;4;0;0
zeno;0;1;2
xxxiv;3;0;0
xxviii;1;0;2
xxvii;0;1;2
xlix;2;0;1
xliii;3;0;0
world;3;0;0
vulneram;2;1;0
visualizar;3;0;0
visivel;2;0;1
visitacao;3;0;0
vindouro;0;0;3
viger;2;1;0
videoconferencia;2;0;1
vestir;3;0;0
vergastado;1;0;2
verao;1;0;2
veloso;0;1;2
variavel;3;0;0
vantajoso;3;0;0
validacao;2;0;1
vago;2;1;0
unicidade;0;2;1
ultrassonografia;3;0;0
tumultuario;0;3;0
tumultuar;3;0;0
trilhar;0;1;2
trf2;3;0;0
transportador;0;2;1
transplante;3;0;0
transmudada;0;3;0
transindividual;0;3;0
transbordar;2;1;0
trancamento;1;1;1
torre;3;0;0
toquio;3;0;0
tombar;2;0;1
tomador;3;0;0
tjsp;0;0;3
terrorismo;1;0;2
terminal;3;0;0
teratologica;0;0;3
tensao;3;0;0
tempus;2;0;1
temperamento;0;3;0
temivel;3;0;0
temerario;3;0;0
tematico;2;0;1
tecido;2;1;0
team;3;0;0
tamanho;3;0;0
suprimento;3;0;0
supramencionados;1;0;2
supramencionado;2;0;1
suposicao;3;0;0
supletivo;3;0;0
superioridade;0;3;0
sugestao;3;0;0
sufragar;0;0;3
sucumbente;0;2;1
sucessor;2;0;1
sucessao;2;0;1
subversao;2;1;0
subscritora;0;0;3
subitem;3;0;0
subir;3;0;0
stn;3;0;0
stantibus;0;0;3
sopesadas;3;0;0
socioeducativas;3;0;0
sobrevivencia;3;0;0
sobrevenham;0;0;3
sobrestamento;1;1;1
soberano;3;0;0
sistematizar;3;0;0
sintonia;2;1;0
sinopharm;3;0;0
singularidade;2;1;0
singelo;2;1;0
similitude;0;2;1
simetria;0;0;3
simbolico;0;2;1
siafi;3;0;0
sg;3;0;0
seringa;3;0;0
sequela;3;0;0
senso;1;2;0
senda;1;0;2
self;2;0;1
seguridade;3;0;0
schutzbereich;3;0;0
sarlet;2;0;1
sanavel;0;1;2
san;3;0;0
sage;3;0;0
rt;1;2;0
royalties;2;0;1
ribeirinho;3;0;0
rhc;0;3;0
rey;2;1;0
revisor;1;1;1
reversao;2;1;0
reverberar;1;0;2
reverberacao;3;0;0
revelante;1;0;2
retromencionado;0;0;3
retro;3;0;0
reto;2;0;1
retardamento;1;1;1
ret;3;0;0
resvalar;2;1;0
restraint;2;0;1
restituicao;2;0;1
restauracao;0;0;3
responsabilizacoes;2;1;0
respirar;3;0;0
respeitante;1;0;2
respaldar;2;0;1
resignar;0;3;0
resfosco;3;0;0
reprodutivo;3;0;0
repristinacao;0;2;1
reparo;0;1;2
renome;3;0;0
remontar;1;0;2
remodelar;1;2;0
rememore;1;0;2
reinterpretacao;0;3;0
reintegrar;2;1;0
reinstaurar;3;0;0
reiniciar;0;0;3
regit;2;0;1
regionalizado;3;0;0
refugiar;3;0;0
refratario;3;0;0
reformulacao;3;0;0
reformador;1;2;0
reforco;1;2;0
refoge;2;1;0
refinanciada;3;0;0
reexaminar;0;0;3
reestruturacao;3;0;0
reedicao;1;0;2
redefinir;3;0;0
recrudescer;3;0;0
reclamante;1;0;2
rec;3;0;0
rebus;0;0;3
reapreciar;1;0;2
rapidez;2;0;1
radio;3;0;0
quorum;0;1;2
quitar;2;0;1
psicologico;3;0;0
prudente;2;0;1
protrair;2;1;0
protocolizar;0;0;3
protocolizado;2;0;1
protesto;3;0;0
prontuario;3;0;0
promessa;3;0;0
produtividade;3;0;0
primordial;3;0;0
primeva;0;0;3
presuncao;1;0;2
prestigioso;3;0;0
preste;3;0;0
presidiar;3;0;0
pres;3;0;0
preponderancia;3;0;0
preparo;0;0;3
preparatorio;1;1;1
prelio;2;0;1
pregar;3;0;0
predial;3;0;0
preclusao;1;0;2
potest;3;0;0
porta;3;0;0
pontificar;0;2;1
polarizacao;3;0;0
placido;3;0;0
pics;1;0;2
pesticida;3;0;0
pesado;3;0;0
perverso;3;0;0
personalista;3;0;0
perseveranca;0;3;0
perquirir;0;1;2
perimetrico;3;0;0
perguntar;3;0;0
perecimento;1;0;2
pavimentacao;2;0;1
paula;0;0;3
patrocinar;1;1;1
patentear;1;1;1
parquet;1;1;1
parodiar;2;1;0
paralisado;2;0;1
paraiso;0;1;2
paper;1;1;1
padronizar;3;0;0
our;3;0;0
oscilacao;1;0;2
orotraqueal;2;1;0
ordenacao;1;2;0
oponivel;2;0;1
omisso;0;1;2
olimpico;3;0;0
olho;3;0;0
og;0;1;2
ofensiva;1;1;1
octavio;0;2;1
obstativa;0;2;1
nutricional;3;0;0
normalizacao;3;0;0
nomem;0;0;3
neutralizante;3;0;0
nemo;3;0;0
negacionista;3;0;0
nativo;3;0;0
nascido;3;0;0
narajulia;0;0;3
n14;1;0;2
mutuar;3;0;0
mutabilidade;2;0;1
muscular;3;0;0
municipalizar;3;0;0
municipalidade;3;0;0
multiplicar;3;0;0
mrna;3;0;0
motor;3;0;0
monopolio;2;1;0
monocraticos;0;3;0
monitorados;3;0;0
monitorada;2;0;1
modulo;3;0;0
modular;2;1;0
moderado;3;0;0
modelagem;3;0;0
mma;3;0;0
miranda;0;0;3
mingua;0;2;1
minerarios;2;0;1
militancia;3;0;0
milicia;0;0;3
metroviario;3;0;0
metalurgico;2;0;1
mensalidade;3;0;0
menino;3;0;0
memorando;3;0;0
meirelles;1;2;0
mediato;1;1;1
mato;3;0;0
massaranduba;1;0;2
marinoni;0;2;1
manipulacao;3;0;0
malogro;0;3;0
majorar;2;1;0
macro;3;0;0
macico;3;0;0
lxi;3;0;0
luva;3;0;0
luta;2;0;1
lrf;3;0;0
lotacao;3;0;0
londres;3;0;0
locucao;2;0;1
litteris;0;1;2
litisconsorcial;0;0;3
litigante;0;1;2
lingua;3;0;0
liderar;3;0;0
lideranca;2;0;1
lidar;3;0;0
libertador;3;0;0
liame;1;2;0
leste;2;0;1
lesbico;3;0;0
lento;3;0;0
leading;0;0;3
lavrar;1;2;0
lastrear;2;1;0
laboratorial;3;0;0
km;3;0;0
já;0;2;1
justificador;0;2;1
justicar;3;0;0
juizado;0;0;3
judice;0;2;1
ivanenko;0;0;3
irromper;0;3;0
irreversibilidade;3;0;0
irresignada;0;3;0
irrelevancia;0;1;2
irredutibilidade;0;2;1
irrazoavel;3;0;0
invocavel;0;3;0
invasivo;2;1;0
intuitivo;3;0;0
intimidar;3;0;0
intersexo;3;0;0
interpretaçao;0;1;2
internalizada;3;0;0
intermunicipal;3;0;0
intermediar;3;0;0
interino;1;0;2
interfone;3;0;0
interditar;2;1;0
inter;1;0;2
intento;3;0;0
intensidade;2;1;0
intelectual;2;0;1
instrutoria;0;1;2
instrumentalizam;1;0;2
instrumentalidade;0;3;0
instituidor;1;0;2
instauraçao;0;3;0
inspirar;1;2;0
insindicavel;2;0;1
insatisfacao;3;0;0
inquisitorio;2;1;0
inquinar;0;0;3
inpi;3;0;0
injustica;3;0;0
injecao;3;0;0
informal;3;0;0
inflamatorio;3;0;0
infectocontagiosas;3;0;0
infeciosas;3;0;0
infeccioso;3;0;0
ineditismo;0;0;3
indigitar;2;0;1
indexacao;3;0;0
indelegaveis;3;0;0
incorreto;2;1;0
incontestavel;2;1;0
incongruente;0;3;0
inconcebivel;2;0;1
incognoscivel;0;3;0
incipiente;2;0;1
incindivel;0;3;0
inaplicavel;0;2;1
inacao;2;1;0
imunogenicidade;3;0;0
impunidade;3;0;0
impugnavam;0;3;0
impressionar;2;0;1
impressao;3;0;0
implantar;3;0;0
impetrantes;2;0;1
impeditivo;1;0;2
immunobridging;3;0;0
imigrante;0;2;1
imbricar;2;1;0
ilimitado;1;0;2
ignorado;2;0;1
identificador;3;0;0
há;0;3;0
hotel;3;0;0
horizontal;1;2;0
homenagear;1;2;0
holmes;3;0;0
holistico;0;3;0
hipertensao;3;0;0
hibernar;3;0;0
hermeneutico;2;1;0
hely;1;2;0
hash;3;0;0
habitar;3;0;0
habilis;0;3;0
guedes;1;0;2
grileiro;3;0;0
greve;1;1;1
gratuidade;3;0;0
grandeza;2;1;0
gozar;2;1;0
google;3;0;0
golpe;2;0;1
gigantesco;3;0;0
giac;3;0;0
gestacao;3;0;0
geeignetheit;0;2;1
gay;3;0;0
garga;0;2;1
ganho;3;0;0
gallotti;0;2;1
fundamentalidade;1;2;0
fundacional;3;0;0
fukuyama;3;0;0
frustrado;2;0;1
freitas;3;0;0
frazao;0;0;3
fraudar;3;0;0
francis;3;0;0
fragmento;1;1;1
fragmentar;0;3;0
flora;3;0;0
finalizacao;3;0;0
fidedigno;2;0;1
ferroviario;3;0;0
ferimento;0;1;2
feijao;1;0;2
fauna;3;0;0
fascismo;3;0;0
farto;0;1;2
farmacia;3;0;0
faltante;1;2;0
fafen;3;0;0
factum;3;0;0
factual;2;1;0
facie;0;3;0
facial;3;0;0
facere;0;3;0
externar;1;1;1
externalidade;3;0;0
exteriorizar;1;2;0
expulsar;2;0;1
expositor;3;0;0
expecam;2;0;1
exegetico;0;3;0
exa;1;0;2
etico;2;0;1
estudar;3;0;0
estudantil;3;0;0
estruturado;3;0;0
estilo;2;0;1
estendido;1;0;2
estatistico;3;0;0
est;0;1;2
espinhoso;3;0;0
especulacao;2;1;0
espalhar;3;0;0
escrupuloso;3;0;0
escritura;2;0;1
esclarecedor;0;1;2
erradicacao;3;0;0
erforderlichkeit;1;1;1
equilibrar;3;0;0
episodio;2;0;1
epi;3;0;0
envidar;3;0;0
entrave;3;0;0
entesouramento;3;0;0
entabular;2;0;1
entabulados;3;0;0
ensejarem;0;1;2
ensejadores;3;0;0
engajamento;3;0;0
enfasar;3;0;0
eney;0;0;3
encartar;3;0;0
encarregado;3;0;0
encarceramento;3;0;0
encadear;3;0;0
emergency;3;0;0
embate;3;0;0
embaixador;3;0;0
elucidativo;2;0;1
elucidar;1;1;1
elucidacao;1;0;2
eliminatoria;3;0;0
elencou;1;2;0
eg;3;0;0
educativo;3;0;0
edcl;0;1;2
ecr;2;0;1
economicidade;3;0;0
ecologico;3;0;0
eca;3;0;0
eapv;3;0;0
dvds;3;0;0
drive;3;0;0
dogmatico;1;1;1
documentar;3;0;0
divisivel;3;0;0
ditar;3;0;0
distorcao;3;0;0
dissociar;1;2;0
dispensacao;3;0;0
dispendio;3;0;0
discutivel;1;0;2
discordar;2;0;1
discordancia;2;0;1
dirad;3;0;0
dinamico;3;0;0
dimo;3;0;0
difundir;3;0;0
diferencial;1;0;2
determin;2;0;1
desvelar;3;0;0
desprezo;2;0;1
desprezar;3;0;0
despido;0;3;0
desobrigar;2;0;1
desnaturar;1;1;1
desfigurado;0;2;1
desfeito;2;0;1
desejo;2;0;1
descura;0;3;0
descortinar;3;0;0
desconfianca;2;0;1
desarrazoar;2;0;1
desapropriar;3;0;0
desalento;3;0;0
desacreditar;2;1;0
desaconselhar;3;0;0
derrubar;3;0;0
derrota;2;1;0
demasiado;2;1;0
delinquencia;3;0;0
deficitario;2;0;1
defasagem;3;0;0
dedicacao;1;1;1
decidendi;0;1;2
debito;2;1;0
davacina;3;0;0
dataprev;3;0;0
curado;0;0;3
cultivar;3;0;0
culposo;1;2;0
cuidador;3;0;0
cuiaba;3;0;0
ctai;3;0;0
crucial;3;0;0
criterioso;2;1;0
criminalidade;3;0;0
credencial;3;0;0
cov2;3;0;0
correio;3;0;0
corrego;1;0;2
corpus;0;3;0
corporativo;3;0;0
coreia;3;0;0
coordenador;3;0;0
conversacao;3;0;0
controverter;0;2;1
contrapeso;3;0;0
contrapartida;2;0;1
contingente;3;0;0
contingenciar;3;0;0
contingenciamentos;2;0;1
continental;2;0;1
continencia;0;0;3
contestacao;3;0;0
contemporaneidade;0;2;1
consubstanciem;1;2;0
constranger;3;0;0
constitucionalismo;1;2;0
conjugacao;0;2;1
confidencialidade;3;0;0
condigno;1;0;2
conclamar;3;0;0
conciliar;1;0;2
concessivo;1;1;1
concentrador;3;0;0
conceitual;2;1;0
compressor;3;0;0
comprar;2;0;1
complicacao;3;0;0
competitividade;3;0;0
compatibilizar;2;0;1
compatibilizacao;3;0;0
compasso;0;0;3
comodo;1;2;0
comicio;3;0;0
combinacao;3;0;0
colapsar;3;0;0
colacionou;1;0;2
colacionados;1;1;1
colaborador;2;0;1
coexistencia;0;1;2
coatoras;2;0;1
coativo;2;1;0
cnn;3;0;0
cndh;0;0;3
clube;1;1;1
circunstancial;3;0;0
circunstanciado;2;0;1
cipriano;0;0;3
choco;2;0;1
chico;3;0;0
chicago;1;1;1
chave;3;0;0
chargista;2;1;0
chancelar;1;0;2
chancelando;3;0;0
certificar;3;0;0
certificador;3;0;0
cercear;3;0;0
censo;3;0;0
cedico;1;1;1
cdh;3;0;0
cd;3;0;0
causalidade;3;0;0
categorizado;2;1;0
carregamento;3;0;0
carreata;3;0;0
carioca;3;0;0
carente;2;0;1
carcinogenico;3;0;0
cancerigeno;3;0;0
campus;3;0;0
caminhoneiro;3;0;0
caminhada;3;0;0
camilo;1;0;2
camera;1;0;2
calculo;3;0;0
calafrio;3;0;0
cadunico;3;0;0
caderneta;3;0;0
cadastramento;3;0;0
cabo;3;0;0
bundesverfassungsgericht;1;0;2
brigada;3;0;0
braziliense;3;0;0
braco;3;0;0
bomba;3;0;0
bolivia;3;0;0
boletim;3;0;0
bissexual;3;0;0
biodiversidade;3;0;0
bingo;0;3;0
benjamin;1;0;2
benefico;3;0;0
benedito;0;1;2
banho;2;0;1
balanco;3;0;0
avultar;3;0;0
avenca;3;0;0
autoexecutorio;3;0;0
australia;3;0;0
auferir;3;0;0
auditabilidade;3;0;0
atuante;3;0;0
atrativo;2;0;1
atracao;0;0;3
assusete;0;0;3
assis;0;0;3
assintomatico;3;0;0
assentamento;3;0;0
asbesto;3;0;0
arrolar;1;0;2
arrebatador;3;0;0
aquaviario;3;0;0
aprimorar;2;0;1
apelo;1;0;2
aparecimento;3;0;0
aparecer;3;0;0
anuir;0;0;3
antepor;0;3;0
antagonico;1;2;0
angustiar;3;0;0
angulo;1;2;0
anarquismo;3;0;0
anao;3;0;0
amicus;1;0;2
ambiguo;0;1;2
ambientalista;3;0;0
alvim;2;0;1
almedina;3;0;0
allan;3;0;0
alinhavar;0;3;0
alicercar;3;0;0
alcada;3;0;0
alargar;2;0;1
ajuizarem;0;1;2
air;3;0;0
aio;3;0;0
agronomico;3;0;0
agronegocio;3;0;0
agricultor;3;0;0
agressor;3;0;0
aglomerem;3;0;0
agilidade;3;0;0
agendar;2;0;1
africar;3;0;0
aflitivo;2;1;0
advocaticio;3;0;0
actum;2;0;1
acostada;0;0;3
acionador;0;3;0
acessados;3;0;0
acauteladoras;0;0;3
acampamento;1;0;2
abreu;3;0;0
abrampa;0;0;3
abortar;2;1;0
abolicao;3;0;0
aberracao;2;1;0
abelardo;0;0;3
abater;3;0;0
abastecer;3;0;0
4a;0;0;3
2021conjur;3;0;0
10h;2;0;1