03;1;num
0h;1;nr
0h00;1;nr
11;1;num
129;1;num
145344488_chopard;1;nr
1565a;1;nr
16;1;num
17h00;1;nr
17h40;1;nr
18h31;1;nr
18k;1;nr
19;1;num
1st;1;nr
2020;1;num
2022secovid;1;nr
21;1;num
22h;1;nr
23h59min;1;nr
23hs;1;nr
24de;1;nr
24h;1;nr
28;1;num
29a;1;nr
2a;1;nr
30;1;num
31;1;num
37e;1;nr
380km;1;nr
38o;1;nr
39;1;num
4oa;1;nr
53;1;num
6a;1;nr
7h;1;nr
7o;1;nr
8;1;num
882;1;num
9;1;num
9o;1;nr
_________;1;nr
aa;1;nr
abadia;1;nom
abalar;1;ver
abandono;1;nom
abdicar;1;ver
abdul;1;nr
abert;1;nr
abertamente;1;adv
abf;1;nr
ablos;1;nr
abolir;1;ver
about;1;nr
abradee;1;nr
abrandamento;1;nom
abrangentemente;1;nr
abrasce;1;nr
absorcao;1;nom
abstratividade;1;nr
abundante;1;adj
abusar;1;ver
abusividade;1;nr
acanhado;1;adj
acatamento;1;nom
acautelar;1;ver
acautelatorio;1;nr
accessible;1;nr
acefalo;1;adj
acessa;1;nr
acessada;1;nr
acessado;1;nr
acessarem;1;nr
acessem;1;nr
acfor;1;nr
acidar;1;nr
acidentaria;1;nr
acidentario;1;adj
acidulou;1;nr
acinte;1;nom
acionante;1;nr
acminas;1;nr
acobertamento;1;nom
acoimadas;1;nr
acoimado;1;nr
acolh;1;nr
acolhedor;1;adj
acondicionadores;1;nr
aconselhamento;1;nom
aconstatacao;1;nr
acostadas;1;nr
acp;1;nr
acreditacao;1;nom
acresco;1;nr
acs;1;nr
act;1;nr
activity;1;nr
acto;1;nom
actor;1;nom
actuar;1;ver
acuidade;1;nom
ad26;1;nr
adam;1;nom
adamente;1;nr
adendo;1;nom
adesivo;1;nom
adhanom;1;nr
adiantado;1;adj
adiantar;1;ver
adimc;1;nr
adjacente;1;adj
admin;1;nr
administration;1;nr
administrator;1;nr
administraveis;1;nr
admit;1;nr
ados;1;nr
adpfagr;1;nr
adrian;1;nr
adsorcao;1;nom
adstricao;1;nr
adstringir;1;nr
adunifesp;1;nr
aduziram;1;nr
advance;1;nr
adversacao;1;nr
adversando;1;nr
advisers;1;nr
advogar;1;ver
aedes;1;nr
aegypti;1;nr
aeronautica;1;nom
aeroportuario;1;adj
aeroviario;1;adj
affonso;1;nom
afixacao;1;nom
afligir;1;ver
afluir;1;ver
afoitamente;1;adv
aforamento;1;nom
aforar;1;ver
africano;1;adj
afrontariam;1;nr
against;1;nr
agenciabrasil;1;nr
agilizar;1;nr
aglutinativo;1;adj
agnol;1;nr
agotado;1;nr
agraciar;1;ver
agrar;1;ver
agrario;1;adj
agricolas2;1;nr
agricultura1;1;nr
agroexportador;1;nr
agroindustrial;1;adj
agrotoxica;1;nr
agrupamento;1;nom
aguentes;1;nr
aihr;1;nr
aimp;1;nr
airlines;1;nr
aix;1;nr
ajudar;1;ver
ajuizando;1;nr
akio;1;nr
alabama;1;nom
alarcon;1;nr
alardear;1;ver
alargamento;1;nom
albergadas;1;nr
albergue;1;nom
alcancavel;1;adj
alcoolico;1;adj
alcunha;1;nom
alemanha;1;nom
alergia;1;nom
alex;1;nom
alexy;1;nr
alfabetico;1;adj
algodao;1;nom
alianca;1;nom
alienar;1;ver
alistamento;1;nom
allgemeine;1;nr
aloshopping;1;nr
alternado;1;adj
altivez;1;nom
altura;1;nom
aluminio;1;nom
alvarezshor;1;nr
amada;1;nom
amadurecimento;1;nom
amagar;1;nr
amalgamar;1;ver
amarelo;1;nom
ambientacao;1;nom
ambivalencia;1;nom
ambu;1;nr
ameacador;1;adj
amendment;1;nr
amenizar;1;ver
amici;1;nr
amoldaria;1;nr
among;1;nr
amordacar;1;ver
amorim;1;nom
amostra;1;nom
amostragem;1;nom
amostral;1;nr
amparei;1;nr
anafilaxia;1;nom
anajure;1;nr
analysis;1;nr
analytics;1;nr
ancilar;1;nr
andar;1;nom
andiara;1;nr
anfitriao;1;nom
angestatet;1;nr
angioedema;1;nr
angotti;1;nr
aniquilacao;1;nom
aniquilar;1;ver
aniversariante;1;nom
anj;1;nr
annees;1;nr
anonimar;1;nr
anped;1;nr
ansef;1;nr
ansiar;1;ver
antecipatorio;1;adj
antevemos;1;nr
antidoto;1;nom
antigua;1;nr
antinomia;1;nom
antirrepublicana;1;nr
antitetico;1;adj
antiviral;1;nr
antropizada;1;nr
antropizado;1;nr
anualizados;1;nr
anuidade;1;nom
anulatorias;1;nr
anverso;1;nom
any;1;nr
aofensaao;1;nr
aparato;1;nom
apare1ho;1;nr
aparelhagem;1;nom
aparelhar;1;ver
aparentar;1;ver
apegar;1;ver
apelada;1;nr
apensadas;1;nr
aperceber;1;ver
aperto;1;nom
apoena;1;nr
apoiamentos;1;nr
apologia;1;nom
apontamento;1;nom
aportariam;1;nr
aposentar;1;ver
apossar;1;ver
applicable;1;nr
apreensivo;1;adj
aprendizado;1;nom
aprendizagem;1;nom
apressar;1;ver
apreço;1;nr
aprioristicamente;1;nr
aprioristico;1;nr
apsa;1;nr
apuratorio;1;nr
aquiescem;1;nr
aquiescer;1;ver
aquila;1;nom
ara;1;nom
arar;1;ver
arbitragem;1;nom
arbitramento;1;nom
arbitrio;1;nom
arcaboucou;1;nr
architech;1;nr
arduamente;1;adv
aresta;1;nom
arestos;1;nr
arguem;1;nr
arguidas;1;nr
argumentantum;1;nr
argutamente;1;nr
ariar;1;nr
aristotelico;1;adj
armazenador;1;nom
arquitetonico;1;adj
arraigado;1;adj
arranjo;1;nom
arremate;1;nom
arriscado;1;adj
arrogar;1;ver
arroguem;1;nr
arrombamento;1;nom
arsenal;1;nom
artefato;1;nom
artesanal;1;adj
artificial;1;adj
artificiar;1;nr
artificie;1;nr
asa;1;nom
asbestose;1;nr
asfaltica;1;nr
asfixiar;1;ver
asma;1;nom
asp;1;nr
aspero;1;adj
assalto;1;nom
assaz;1;adv
assediar;1;ver
assertionis;1;nr
assesp;1;nr
assessment;1;nr
assimetria;1;nom
assistematica;1;nr
associativo;1;adj
assum;1;nr
assuming;1;nr
assumpcao;1;nom
assuntor;1;nr
assustar;1;ver
astronomico;1;adj
atacaveis;1;nr
atendente;1;nom
atendivel;1;nr
ater;1;ver
ativar;1;ver
atletismo;1;nom
atmosferico;1;adj
atrapalhar;1;ver
atrasar;1;ver
atrazeneca;1;nr
atribuivel;1;adj
atricon;1;nr
atrio;1;nom
attack;1;nr
atucao;1;nr
auction;1;nr
auditavel;1;nr
auencia;1;nr
aunque;1;nr
aurelio;1;nom
auricchio;1;nr
austeridade;1;nom
autoatribuicao;1;nr
autocontrole;1;nom
autodeclaracao;1;nr
autodistribuicao;1;nr
autoexecutoriedade;1;nr
autogoverno;1;nom
autoimunes;1;nr
autonomie;1;nr
autorizador;1;nr
autorizadora;1;nr
autorizadoras;1;nr
autorizativos;1;nr
autossustentar;1;nr
autuem;1;nr
avalanche;1;nom
avassalador;1;adj
aventados;1;nr
aver;1;nr
averbacao;1;nom
averiguar;1;ver
aviltar;1;ver
avo;1;nom
avocatorio;1;nr
b2c7d673aff412a0913cbf4be15fea258fd138f33c7c223c0a9330892eca4656;1;nr
bacia;1;nom
bagagem;1;nom
bahrain;1;nr
bajar;1;ver
balanca;1;nom
balancete;1;nom
balde;1;nom
banal;1;adj
banalizacao;1;nom
band;1;nr
banese;1;nr
banner;1;nr
bar;1;nom
barbudo;1;adj
barhein;1;nr
barril;1;nom
basileia;1;nom
bastos;1;nom
bauru;1;nom
bbibpcorv;1;nr
beatriz;1;nom
bedeutung;1;nr
been;1;nr
bel;1;nom
belarmino;1;nr
belico;1;adj
belinati;1;nr
belize;1;nom
bellizze;1;nr
bench;1;nr
beneplacito;1;nom
betar;1;ver
bharat;1;nr
bilateralmente;1;adv
bilidade;1;nr
bin;1;nr
binario;1;adj
binenbojm;1;nr
binomio;1;adj
bioeticos;1;nr
biologico;1;adj
bioma;1;nom
biometrico;1;adj
black;1;nr
blindando;1;nr
blindar;1;ver
blog;1;nr
blumenau;1;nom
boato;1;nom
bolsista;1;adj
bolso;1;nom
bolsonarista;1;nr
bombardi;1;nr
bonetti;1;nom
bonn;1;nr
bottura;1;nr
braca;1;nom
braga;1;nom
brando;1;adj
brandt;1;nr
brasil2;1;nr
brasiliadf;1;nr
braz;1;nom
brazil;1;nr
brennan;1;nr
brevemente;1;adv
brevidade;1;nom
britanico;1;adj
brocardo;1;nom
bronquio;1;nom
brutal;1;adj
bruto;1;adj
btnsubmit;1;nr
buchwald;1;nr
bulos;1;nr
burocratizar;1;ver
business;1;nr
bvs;1;nr
bvsms;1;nr
c0vid;1;nr
cabalmente;1;adv
caca;1;nom
cachoeira;1;nom
caderno;1;nom
cadh;1;nr
caepf;1;nr
caern;1;nr
cafe;1;nom
cairo;1;nom
calar;1;ver
calatrava;1;nr
calcamento;1;nom
calcar;1;ver
calculabilidade;1;nr
calha;1;nom
calhando;1;nr
calhar;1;ver
calibracao;1;nom
californa;1;nr
calor;1;nom
caluniar;1;ver
camada;1;nom
caminhao;1;nom
camuflar;1;ver
can;1;nr
candidatar;1;ver
canonico;1;adj
canto;1;nom
canula;1;nom
cap;1;nr
capa;1;nom
capacete;1;nom
capitalista;1;adj
capricho;1;nom
captar;1;ver
capturar;1;ver
caputda;1;nr
caracteristico;1;adj
caraterizar;1;ver
carecedores;1;nr
caribe;1;nom
caricatural;1;adj
carius;1;nr
carne;1;nom
carol;1;nr
carreta;1;nom
cartaxo;1;nr
cartel;1;nom
cartilha;1;nom
cartorario;1;adj
cartula;1;nr
casado;1;adj
cash;1;nr
cassa;1;nom
cassone;1;nr
castanheira;1;nom
castilo;1;nr
casuistico;1;adj
catalogacao;1;nom
catalogado;1;adj
catarina;1;nom
catastrofico;1;adj
catedratico;1;adj
catolico;1;adj
causae;1;nr
causidico;1;nom
cautelatoria;1;nr
cauteloso;1;adj
caxias;1;nom
cayman;1;nr
ccai;1;nr
ccj;1;nr
ccop;1;nr
cec;1;nr
cedente;1;adj
cedmu;1;nr
cei;1;nr
cejup;1;nr
cejusc;1;nr
celebrante;1;nom
celula;1;nom
censor;1;nom
censorio;1;nr
censurar;1;ver
censuravel;1;adj
centers;1;nr
centimetro;1;nom
centralidade;1;nom
ceo;1;nr
certificacao;1;nom
cessionarias;1;nr
cfm;1;nr
cfq;1;nr
cgd;1;nr
cgip;1;nr
chassi;1;nom
checagem;1;nom
checar;1;ver
chinar;1;ver
chocante;1;adj
chosen;1;nr
cibernetico;1;adj
ciclotimia;1;nr
cifra;1;nom
cigano;1;adj
cimo;1;nom
cindir;1;ver
cirne;1;nr
citra;1;nr
civicamente;1;adv
civilmente;1;adv
clarifying;1;nr
clausulada;1;nr
clear;1;nr
clemerson;1;nr
cleve;1;nr
climatizar;1;ver
clinicamente;1;adv
clnk;1;nr
clodoaldo;1;nom
cloves;1;nr
clt1;1;nr
cmt;1;nr
cn;1;nr
cna;1;nr
cno;1;nr
coadjuvante;1;adj
coautor;1;nr
cobrassem;1;nr
code;1;nr
codteor;1;nr
coercao;1;nom
coercitivamente;1;adv
coercivo;1;adj
cognitivo;1;adj
coincidente;1;adj
colaborativo;1;adj
colacionada;1;nr
colacionam;1;nr
colateralmente;1;adv
colectivo;1;adj
colega;1;nom
colete;1;nom
coligar;1;ver
colimar;1;ver
collaborating;1;nr
collateral;1;nr
colonia;1;nom
colonizacao;1;nom
colorido;1;adj
comandar;1;ver
combalir;1;nr
combatente;1;adj
comeco;1;nom
comerciario;1;nom
cominarty;1;nr
cominatorio;1;nr
comissionamento;1;nr
comisso;1;nr
commodity;1;nr
communication;1;nr
compatibility;1;nr
compilacao;1;nom
compilar;1;ver
complacente;1;adj
complain;1;nr
complex;1;nr
comportamental;1;adj
compostura;1;nom
comprimir;1;ver
compulsar;1;ver
comumente;1;adv
conceituado;1;adj
concentado;1;nr
conceptions;1;nr
concessivos;1;nr
concidadao;1;nom
concluinte;1;adj
conclusivamente;1;adv
concordancia;1;nom
concorrido;1;adj
concretizadores;1;nr
concursados;1;nr
conditio;1;nr
conducente;1;adj
conduct;1;nr
conexionada;1;nr
confeccionar;1;ver
confenen;1;nr
confessadamente;1;adv
confiscar;1;ver
confiscatorios;1;nr
conflituosidade;1;nr
conflituoso;1;adj
confrontacao;1;nom
congelamento;1;nom
conjectura;1;nom
conjugal;1;adj
conjugar;1;ver
conluio;1;nom
conocido;1;nr
conotacao;1;nom
conquistar;1;ver
consanguineo;1;nr
consciente;1;adj
consectarios;1;nr
consequencial;1;nr
consideravelmente;1;adv
consigo;1;pro_ind
consist;1;nr
consistencia;1;nom
consonante;1;adj
consorciar;1;ver
constancia;1;nom
constitucionales;1;nr
constrangido;1;adj
construtivo;1;adj
consubstanciadoras;1;nr
consubstanciadores;1;nr
consubstanciaria;1;nr
consulado;1;nom
consulente;1;nom
consumir;1;ver
consuniao;1;nr
contabilidade;1;nom
contagiante;1;adj
contagio;1;nom
contanto;1;conj
contatacao;1;nr
contemporaneamente;1;adv
content;1;nr
contentar;1;ver
contextuai;1;nr
contextualizo;1;nr
contiguar;1;nr
contiguo;1;adj
continente;1;nom
contingenciados;1;nr
contingenciavel;1;nr
continuismo;1;nom
contracautelas;1;nr
contradictoires;1;nr
contraditoriedade;1;nr
contraindicacao;1;nr
contrainteligencia;1;nr
contraminuta;1;nr
contraponham;1;nr
contraponto;1;nom
contraposicao;1;nom
contrariariam;1;nr
contrassenso;1;nr
contrastante;1;adj
contraste;1;nom
contratuh;1;nr
controverso;1;adj
contrário;1;nr
contumaz;1;adj
conturbado;1;adj
convalidacao;1;nom
convalidando;1;nr
convencido;1;adj
convencimento;1;nom
convencionar;1;ver
conveniados;1;nr
convincente;1;adj
conviver;1;ver
convolar;1;ver
convulsao;1;nom
cooperar;1;ver
coparticipacao;1;nr
coqueluche;1;nom
coracao;1;nom
coragem;1;nom
coral;1;nom
corona;1;nom
corrigenda;1;nr
corroer;1;ver
corte2;1;nr
corte_interamericana_de_direitos_humanos;1;nr
cortesia;1;nom
costabile;1;nr
costeu;1;nr
costitucional;1;nr
costumeiro;1;adj
coteja;1;nr
cotejar;1;ver
cotejarmos;1;nr
cotejos;1;nr
cotidianamente;1;adv
countries;1;nr
country;1;nom
courts;1;nr
covil;1;nom
cpfs;1;nr
cpmf;1;nr
cpvid;1;nr
cracha;1;nom
crea;1;nr
creates;1;nr
creche;1;nom
crediticias;1;nr
crf13;1;nr
criminis;1;nr
criogenicos;1;nr
cristiana;1;nr
criticamente;1;adv
crivel;1;adj
cromatografo;1;nr
croplife;1;nr
crpd;1;nr
crueldade;1;nom
cruzeiro;1;nom
csao;1;nr
ctb;1;nr
ctps;1;nr
cualquier;1;nr
cuestion;1;nr
cuiabamt;1;nr
culminante;1;adj
cultuar;1;ver
culzoni;1;nr
cum;1;nr
cumplido;1;nr
cumplimiento;1;nr
cumpridor;1;adj
curatela;1;nom
curricular;1;adj
curriculo;1;nom
cutaneo;1;adj
d7ff25ce0001;1;nr
dabes;1;nr
dacao;1;nom
daiany;1;nr
dall;1;nr
dama;1;nom
damiel;1;nr
darf;1;nr
debilitar;1;ver
debochado;1;adj
deceiving;1;nr
decem;1;nr
decenarios;1;nr
deception;1;nr
decidendum;1;nr
decrescente;1;adj
decrescer;1;ver
decreto5;1;nr
defensar;1;nr
defiram;1;nr
defurv;1;nr
delegarem;1;nr
deliberadamente;1;adv
deliberara;1;nr
delicadeza;1;nom
delineador;1;nom
delitivas;1;nr
delituoso;1;adj
demarquem;1;nr
demissao;1;nom
demissionario;1;adj
demitir;1;ver
democraticamente;1;adv
denegar;1;ver
densificar;1;nr
dentista;1;nom
deontologico;1;adj
depdendencia;1;nr
depep;1;nr
depositario;1;nom
derecho;1;nr
derechos;1;nr
derivacao;1;nom
derrame;1;nom
derrogar;1;ver
derrogatorio;1;adj
derrotar;1;ver
desabilitacao;1;nr
desabrigar;1;nr
desacelerar;1;ver
desaguar;1;ver
desaguarmos;1;nr
desanuviado;1;nr
desaparecido;1;adj
desapensamento;1;nr
desaprovar;1;ver
desarticulacao;1;nom
desassociar;1;ver
desassombrar;1;nr
desatencao;1;nom
desatendida;1;nr
desatualizada;1;nr
desatualizado;1;nr
desatualizados;1;nr
desborda;1;nr
desburocratizacao;1;nom
desburocratizar;1;ver
descambar;1;ver
descanso;1;nom
descoberto;1;adj
descolar;1;ver
descompostura;1;nom
desconcentracao;1;nom
desconexao;1;nom
desconfigurada;1;nr
desconforme;1;adj
desconstituida;1;nr
descontar;1;ver
descontingenciar;1;nr
descortinada;1;nr
descrimen;1;nr
descuidar;1;ver
descumpridoras;1;nr
desdem;1;nom
desdobrar;1;ver
desejado;1;adj
desempate;1;nom
desencarceradoras;1;nr
desenfreado;1;adj
desestabilizacao;1;nom
desestatizacao;1;nom
desestruturante;1;nr
desforco;1;nom
desgaste;1;nom
desguarnecimento;1;nr
designadamente;1;adv
desigualacao;1;nr
desigualem;1;nr
desincentivado;1;nr
desincompatibilize;1;nr
desinfluente;1;nr
desinformar;1;ver
desinformativa;1;nr
desinibido;1;adj
desinteressado;1;adj
desinvestimento;1;nom
desiquilibrio;1;nr
deslegalizacao;1;nr
desmatar;1;ver
desmesurado;1;adj
desmineralizar;1;nr
desmobilizacao;1;nom
desnaturacao;1;nom
desnivel;1;nom
desnudar;1;ver
desobedecer;1;ver
desonera;1;nr
desonerar;1;ver
despachante;1;nom
despedida;1;nom
despejo;1;nom
despenalizacao;1;nom
despersonalizar;1;nr
despojado;1;adj
despojar;1;ver
despontar;1;ver
desprendimento;1;nom
despreparo;1;nom
desproporcao;1;nom
despropositado;1;adj
desprotegido;1;adj
desprove;1;nr
dessarte;1;nr
desservico;1;nom
destempo;1;nr
destituicao;1;nom
destrinchar;1;ver
destruicao;1;nom
desvalia;1;nr
desvendamento;1;nom
det;1;nr
detail;1;nr
detalharei;1;nr
deteccao;1;nom
deterioracao;1;nom
determinativo;1;adj
detranms;1;nr
devassar;1;ver
devastacao;1;nom
deviolacao;1;nr
devolutividade;1;nr
dezoitos;1;nr
dg;1;nr
dhesca;1;nr
diabetes;1;nom
diaco;1;nr
diagnostico;1;nom
diametralmente;1;adv
diapasao;1;nom
dias4;1;nr
dicotomizada;1;nr
dictum;1;nr
die;1;nr
difamacao;1;nom
difamar;1;ver
diferenciacao;1;nom
diferido;1;nom
dificultoso;1;adj
difteria;1;nom
digito;1;nom
dignidademenstrual;1;nr
digressao;1;nom
dil;1;nr
diligenciados;1;nr
diluicao;1;nom
diluir;1;ver
dimensionamento;1;nom
dimensionar;1;ver
dino;1;nom
diogenes;1;nom
dir;1;nr
diraddipro;1;nr
direito6;1;nr
disagrees;1;nr
discagem;1;nom
discente;1;adj
discern;1;nr
disclosure;1;nr
discorridos;1;nr
discrimination;1;nr
discussion;1;nr
dispar;1;adj
dispensavel;1;adj
disruptivas;1;nr
dissente;1;nr
dissertar;1;ver
dissimulado;1;adj
dissuasao;1;nom
distant;1;nr
distingushing;1;nr
distorcido;1;adj
ditatorial;1;adj
divers;1;nr
dividendo;1;nom
divino;1;adj
divisar;1;ver
dizimacao;1;nom
djf1;1;nr
dju;1;nr
dna;1;nr
dndh;1;nr
dobro;1;nom
doctrine;1;nr
document;1;nr
documentalista;1;nom
documentario;1;nom
documents;1;nr
dogma;1;nom
dom;1;nom
domesticar;1;ver
dominante;1;adj
dominical;1;adj
dominicano;1;adj
dormitar;1;ver
doutoramento;1;nom
download;1;nr
drasticamente;1;adv
driblar;1;ver
droit;1;nr
drug;1;nr
dubiedade;1;nom
duciran;1;nr
duplamente;1;adv
duplicar;1;ver
duplice;1;adj
duty;1;nr
ecofot;1;nr
economic;1;nr
economica6;1;nr
ecotoxbrasil;1;nr
ecvs;1;nr
eda;1;nr
edafoclimaticas;1;nr
edgar;1;nom
edidas;1;nr
edinho;1;nom
editalicias;1;nr
editor;1;nom
edmir;1;nr
edoc1;1;nr
edoc13;1;nr
edoc27;1;nr
edoc3;1;nr
edoc8;1;nr
edt;1;nr
educ;1;nr
educado;1;adj
educador;1;nom
education;1;nr
eee;1;nr
efectivar;1;ver
effectively;1;nr
effets;1;nr
egresso;1;nom
eide;1;nr
ein;1;nr
eiva;1;nr
eja;1;nr
elatorio;1;nr
elegivel;1;adj
elements;1;nr
elencada;1;nr
elenco;1;nom
elevantes;1;nr
elevar;1;ver
elisabetta;1;nr
elo;1;nom
elucubracao;1;nom
ema;1;nom
emap;1;nr
embaixo;1;adv
embalar;1;ver
embaracem;1;nr
embarque;1;nom
emblematico;1;adj
embrapa;1;nr
embutir;1;ver
emcfa;1;nr
eme;1;nr
emergencialmente;1;adv
emilia;1;nom
eminenciar;1;nr
emp;1;nr
empecilho;1;nom
emplacar;1;ver
empowerment;1;nr
empregaticio;1;adj
enaltecer;1;ver
encadearam;1;nr
encaixar;1;ver
encamparem;1;nr
encanado;1;adj
encarar;1;ver
enccla;1;nr
enceramento;1;nom
encomio;1;nom
encontravel;1;adj
endemico;1;adj
enderecamento;1;nom
endividamento;1;nom
endossar;1;ver
enfermagem;1;nom
enfim;1;adv
enfraquecimento;1;nom
engessar;1;ver
engrenagem;1;nom
enhuma;1;nr
enigmatico;1;adj
enio;1;nom
enlacar;1;ver
enquadravel;1;nr
enrijecimento;1;nom
ensejadoras;1;nr
ensejem;1;nr
entenderse;1;nr
entranhar;1;ver
entretenimento;1;nom
entronizar;1;ver
entubacao;1;nr
enunciacao;1;nom
envasadora;1;nr
enveredar;1;ver
envolvimento;1;nom
epicardicas;1;nr
epigrafar;1;nr
epis;1;nr
epistemico;1;nr
epocanegocios;1;nr
epub;1;nr
equalizar;1;nr
equalizariam;1;nr
equidade;1;nom
equipar;1;ver
equivalencia;1;nom
equivocadamente;1;adv
equivocidade;1;nom
erfolg;1;nr
eria;1;nr
erminar;1;nr
eroder;1;nr
errar;1;ver
errata;1;nom
erupcao;1;nom
esbarrar;1;ver
esbulhada;1;nr
esbulho;1;nom
escentes;1;nr
escoamento;1;nom
escolta;1;nom
esconder;1;ver
escorar;1;ver
escorchantes;1;nr
escorreito;1;adj
escuridao;1;nom
escuso;1;adj
esforcar;1;ver
esgrimir;1;ver
esmagador;1;adj
esmiucar;1;ver
espacial;1;adj
espacialmente;1;adv
especialidade;1;nom
especifco;1;nr
especificadamente;1;adv
esperanca;1;nom
espin;1;nr
espirituoso;1;adj
espontaneamente;1;adv
espontaneo;1;adj
esporadico;1;adj
esposo;1;nom
espraiamento;1;nr
espraiar;1;ver
espurio;1;adj
esquivar;1;ver
estabilizar;1;ver
established;1;nr
estacionar;1;ver
estacoar;1;nr
estadao;1;nr
estado2;1;nr
estancar;1;ver
estatisticas_e_ind;1;nr
estatuidos;1;nr
estatuir;1;ver
esteril;1;adj
estigma;1;nom
estiolamento;1;nom
estiolar;1;nr
estocar;1;ver
estocolmo;1;nom
estomagar;1;nr
estrato;1;nom
estreitamente;1;adv
estreitar;1;ver
estribados;1;nr
estudio;1;nom
estuprar;1;ver
esvaido;1;nr
etec;1;nr
etermine;1;nr
euestudante;1;nr
euro;1;nom
eurocopa;1;nr
evaluation;1;nr
evando;1;nr
evangelico;1;adj
evasivo;1;adj
events;1;nr
eventualidade;1;nom
evercino;1;nr
evidence;1;nr
evolution;1;nr
exacerbado;1;adj
exacerbamento;1;nr
exacerbar;1;ver
exaltar;1;ver
excecionalidade;1;nr
excepcionada;1;nr
excepcionado;1;nr
excepcionalissima;1;nr
excepcionam;1;nr
excia;1;nr
exclude;1;nr
excludente;1;adj
executive;1;nr
executoriedade;1;nr
exekution;1;nr
exequendo;1;nr
exequibilidade;1;nr
exercentes;1;nr
exercito;1;nom
exiguo;1;adj
exmos;1;nr
exorbitando;1;nr
exorbitar;1;ver
exortacao;1;nom
expeca;1;nr
expendida;1;nr
experts;1;nr
explicativo;1;adj
expose;1;nr
expressivamente;1;adv
expressive;1;nr
exprimir;1;ver
expropriar;1;ver
ext;1;nr
exteriorizacao;1;nom
externadas;1;nr
extrafiscalidade;1;nr
extraio;1;nr
extravasem;1;nr
extraviado;1;adj
extremado;1;adj
extrinseco;1;adj
faber;1;nr
fac;1;nr
facilidade;1;nom
facto;1;nom
facultativamente;1;adv
facultatividade;1;nom
fadfim;1;nr
fadini;1;nr
fadusp;1;nr
fahcin;1;nr
fairmined;1;nr
falho;1;adj
falle;1;nr
falsamente;1;adv
falsidade;1;nom
fantastico;1;adj
farena;1;nr
farmacovigilancia;1;nr
farroupilha;1;nom
fat;1;nr
fatalidade;1;nom
fatf;1;nr
favoravelmente;1;adv
favorecido;1;adj
favorecimento;1;nom
fcargo;1;nr
fcategoria;1;nr
fconsulta;1;nr
fda;1;nr
features;1;nr
febraban;1;nr
feder;1;ver
federal1;1;nr
federalista;1;adj
federighi;1;nr
fellowships;1;nr
fenandez;1;nr
fenomenologico;1;adj
fernandez;1;nom
ferro;1;nom
festa;1;nom
fevers;1;nr
ffuncao;1;nr
fhcot3c1vq4;1;nr
fi;1;nr
fian;1;nr
fiavel;1;adj
fidedignidade;1;nom
filadelfia;1;nom
fileira;1;nom
filename;1;nr
filial;1;nom
finalidad;1;nr
finalisticas;1;nr
financiere;1;nr
finn;1;nr
fino;1;adj
fio;1;nom
fioravanti;1;nr
firmemente;1;adv
first;1;nr
fiscalizatorio;1;nr
fiscalizatorios;1;nr
fisioterapeuta;1;nom
fitotoxidez;1;nr
five;1;nr
flagelo;1;nom
flexible;1;nr
florestal;1;adj
flotacao;1;nr
fluir;1;ver
fluminense;1;adj
flutuacao;1;nom
flutuante;1;adj
fnd;1;nr
fnome;1;nr
fnp;1;nr
focalizar;1;ver
foli;1;nr
fondo;1;nr
fonografico;1;adj
fonograma;1;nom
fonogramatico;1;nr
food;1;nr
forjar;1;ver
formador;1;adj
format;1;nr
formatar;1;ver
formuladora;1;nr
fotografico;1;adj
frac;1;nr
fracionar;1;ver
fragil;1;adj
francaise;1;nr
franchising;1;nom
franqueiem;1;nr
franquia;1;nom
fraudaveis;1;nr
fraudavel;1;nr
fresco;1;adj
frete;1;nom
frisado;1;adj
friso;1;nom
from;1;nr
fruta;1;nom
fsimbolo;1;nr
fsituacao;1;nr
fti;1;nr
full;1;nr
fulminaria;1;nr
fumaca;1;nom
funcionalizacao;1;nom
functus;1;nr
fundador;1;nom
fundamenlales;1;nr
fundamentadamente;1;adv
fundamental4;1;nr
fundantes;1;nr
funprvi;1;nr
furto;1;nom
fvinculo;1;nr
g3;1;nr
gabriel;1;nom
gaciu;1;nr
galileu;1;nom
gamaleya;1;nr
garancar;1;nr
garantista;1;nr
gasparini;1;nr
gathering;1;nr
gavi;1;nr
gazeta;1;nom
gb;1;nr
gefördet;1;nr
genese;1;nom
genocida;1;nr
geographic;1;nr
geprägter;1;nr
germe;1;nom
gerson;1;nom
gesetzes;1;nr
gesetzesvorbehalt;1;nr
gestada;1;nr
gesto;1;nom
gewunschte;1;nr
gia;1;nr
gida;1;nr
gigabyte;1;nom
gilberto;1;nom
ginastica;1;nom
gioconda;1;nom
giovanna;1;nom
girar;1;ver
gl;1;nr
glabes;1;nr
gleen;1;nr
globalidade;1;nom
glosa;1;nom
gm3;1;nr
goiano;1;adj
gol;1;nom
gold;1;nr
golpista;1;adj
googleusercontent;1;nr
gostar;1;ver
goulart;1;nom
governadoras;1;nr
governance;1;nr
governar;1;ver
governed;1;nr
governors;1;nr
gp1;1;nr
gradativamente;1;adv
graduado;1;adj
graduar;1;ver
graficamente;1;adv
granar;1;ver
grandioso;1;adj
gratificar;1;ver
grei;1;nom
grevista;1;adj
grilagem;1;nom
grosseiramente;1;adv
grossense;1;nr
grossenses;1;nr
grotesco;1;adj
group;1;nr
groupe;1;nr
grundrecht;1;nr
grundrechte;1;nr
grundsätzlich;1;nr
gt;1;nr
guarulho;1;nr
guatemala;1;nom
guerrear;1;ver
gurupi;1;nr
haberse;1;nr
habitac;1;nr
habitacional;1;adj
habito;1;nom
hacker;1;nom
hardware;1;nom
harvard;1;nom
haste;1;nom
hayan;1;nr
healthy;1;nr
hediondo;1;adj
heidelberg;1;nr
helio;1;nom
hemoderivados;1;nr
henry;1;nom
hepatico;1;adj
hepatite;1;nom
herbicida;1;adj
herbicides;1;nr
herculeo;1;adj
hermeneuticamente;1;nr
hesitar;1;ver
heterogeneo;1;adj
hiato;1;nom
hibrido;1;adj
higidas;1;nr
hilfe;1;nr
hipersensibilidade;1;nom
hipertrofiar;1;ver
his;1;nr
hl;1;nr
hlb;1;nr
hold;1;nr
home;1;nr
homebanking;1;nr
honestidade;1;nom
honesto;1;adj
honorario;1;adj
hormonal;1;adj
hortalica;1;nom
hospitalidade;1;nom
hrs;1;nr
hubiera;1;nr
humanistico;1;adj
humanizado;1;adj
humorismo;1;nom
iab;1;nr
iapsa;1;nr
iarc;1;nr
icadores;1;nr
icar;1;ver
icipando;1;nr
icmabio;1;nr
icms;1;nr
icp;1;nr
idade2;1;nr
idealizar;1;ver
iente;1;nr
ignobil;1;adj
ihe;1;nr
ilegimitidade;1;nr
ilegititimidade;1;nr
ilegivel;1;adj
ilha;1;nom
ilicitude;1;nom
ilimitadamente;1;adv
iluminacao;1;nom
iluminado;1;adj
ilusorio;1;adj
ilustracao;1;nom
ilustrado;1;adj
images;1;nr
imediatidade;1;nr
imediatista;1;adj
imensuravel;1;adj
imergir;1;ver
imigratorio;1;adj
imotivado;1;nr
impactante;1;nr
impelir;1;ver
imperador;1;nom
imperar;1;ver
impericia;1;nom
imperiosidade;1;nom
impessoalidades;1;nr
impingir;1;ver
impopular;1;adj
impossibilitadores;1;nr
impostergavel;1;nr
imprensa3;1;nr
impressionante;1;adj
impressionei;1;nr
impressora;1;nom
imprevisibilidade;1;nom
improdutivo;1;adj
impropriamente;1;adv
improrrogavel;1;adj
improvida;1;nr
improvimento;1;nr
improviso;1;nom
imprudencia;1;nom
impugnaveis;1;nr
impulsao;1;nom
imputacao;1;nom
imputavel;1;adj
imunobiologicos;1;nr
imunoprevenivel;1;nr
imupgnacao;1;nr
imutabilidade;1;nom
imutavel;1;adj
inabalavel;1;adj
inadmissivelmente;1;nr
inadmitida;1;nr
inafastaveis;1;nr
inapetencia;1;nom
inapropriado;1;adj
inaria;1;nr
inativar;1;ver
inauguracao;1;nom
incalculavel;1;adj
incendiar;1;ver
incessante;1;adj
inciativa;1;nr
incidentemente;1;adv
incidenter;1;nr
inclinar;1;ver
inclito;1;nr
inclusivo;1;adj
incoacao;1;nr
incoerencia;1;nom
incogitavel;1;nr
incolume;1;adj
income;1;nr
incomparavel;1;adj
incompatibilizar;1;ver
incompetente;1;adj
incompossivel;1;nr
incomum;1;adj
inconciliavel;1;adj
incondicional;1;adj
inconfessavel;1;adj
inconfundivel;1;adj
inconsequente;1;adj
inconsistencia;1;nom
inconsistente;1;adj
inconstitucionalmente;1;adv
incontrolado;1;adj
inconveniente;1;adj
incredulo;1;adj
inda;1;adv
indecoro;1;nr
indeferimentos;1;nr
indefinicao;1;nom
indefir;1;nr
indene;1;adj
indenizaçao;1;nr
indico;1;adj
indiferente;1;adj
indiscriminate;1;nr
indisputavel;1;adj
individuacao;1;nom
individualizadamente;1;nr
individuar;1;ver
induvidosa;1;nr
inelutavel;1;adj
inerencia;1;nom
inescapavelmente;1;adv
inescusavel;1;adj
inespecificidade;1;nr
inexecucao;1;nom
inexoravelmente;1;adv
inexplicavel;1;adj
infanto;1;nr
infectologista;1;adj
infensas;1;nr
infenso;1;adj
inferioridade;1;nom
infidelidade;1;nom
infirmados;1;nr
inflacionar;1;ver
inflexao;1;nom
influenciador;1;adj
influente;1;adj
informalmente;1;adv
informante;1;nom
informatica;1;nom
informatico;1;adj
infraconstitucionalmente;1;nr
infringencia;1;nr
inglaterra;1;nom
iniludivel;1;adj
inimigo;1;adj
ininterruptamente;1;adv
ininterrupto;1;adj
inito;1;nr
inj;1;nr
injustificavel;1;adj
injusto;1;adj
inobservada;1;nr
inobservado;1;nr
inocente;1;adj
inocuidade;1;nom
inoculacao;1;nom
inoperante;1;adj
inopinado;1;adj
inopino;1;nr
inqualificavelmente;1;nr
inquinam;1;nr
insalubridade;1;nom
insecticides;1;nr
insensibilidade;1;nom
insensivel;1;adj
inservivel;1;nr
insigne;1;adj
insistencia;1;nom
insitas;1;nr
insoluvel;1;adj
inspecionar;1;ver
inspetor;1;nom
instante;1;nom
instigar;1;ver
institucion;1;nr
institutions;1;nr
instrumentacao;1;nom
instrumentalista;1;adj
instrumentality;1;nr
instrumentalizado;1;nr
instrumentalizados;1;nr
instrumentalizar;1;nr
insucesso;1;nom
insustentabilidade;1;nr
intangivel;1;adj
integrador;1;adj
integravel;1;adj
inteleccao;1;nom
intemperie;1;nom
intencional;1;adj
intencionalidade;1;nom
intencionalmente;1;adv
intent;1;nr
intentados;1;nr
intentionally;1;nr
intepretacao;1;nr
interactuen;1;nr
interbancario;1;adj
intercambiavel;1;adj
intercambio;1;nom
interdicao;1;nom
interes;1;nr
interessantemente;1;adv
interligar;1;ver
interlocucao;1;nom
intermediacao;1;nom
internalizado;1;nr
interpositio;1;nr
interpretation;1;nr
interrelacao;1;nr
intersticio;1;nom
interveniente;1;adj
interventor;1;nom
intervozes;1;nr
intimamente;1;adv
intimidatoria;1;nr
intransferivel;1;adj
intuicao;1;nom
inumano;1;adj
inutilizacao;1;nom
invasiva;1;nr
invencao;1;nom
invencivel;1;adj
inventariar;1;ver
investigantes;1;nr
iole;1;nr
ional;1;nr
ionizante;1;adj
ipjs;1;nr
ipsa;1;nr
ipso;1;nr
iracema;1;nom
irdr;1;nr
irea;1;nr
irigaray;1;nr
irmao;1;nom
ironico;1;adj
irrecusavel;1;adj
irrefletidamente;1;adv
irreformabilidade;1;nr
irrescindibilidade;1;nr
irresponsabilidade;1;nom
irreverente;1;adj
irrogado;1;nr
irrompimento;1;nr
isencional;1;nr
isentara;1;nr
isonomicos;1;nr
it;1;nom
italico;1;nom
iterativo;1;adj
itinerario;1;nom
ito;1;nom
itv;1;nr
ivo;1;nom
izacao;1;nr
jaez;1;nom
jairmessiasbolsonaro;1;nr
jameel;1;nr
jamil;1;nom
jansen;1;nr
janssen;1;nr
jari;1;nom
jewellery;1;nr
jf;1;nr
jogar;1;ver
john;1;nom
joëlle;1;nr
jubilar;1;adj
judicante;1;adj
judicializados;1;nr
judicializar;1;nr
judicializaram;1;nr
jugadar;1;nr
julg;1;nr
juliano;1;nom
justeza;1;nom
justicia;1;nr
justitia;1;nr
justiça;1;nr
juvenil;1;adj
kann;1;nr
kassio;1;nr
keinem;1;nr
kfouri;1;nr
koliski;1;nr
kuwait;1;nom
laboral;1;adj
lacerda;1;nom
lacrimogeneo;1;adj
lamentavelmente;1;adv
lammego;1;nr
lands;1;nr
lar;1;nom
laranjal;1;nom
laringe;1;nom
larissa;1;nr
later;1;ver
latif;1;nr
latifundio;1;nom
lavratura;1;nom
lc135;1;nr
lebenswirklichkeit;1;nr
leg;1;nr
legalizacao;1;nom
legar;1;ver
legislatativa;1;nr
legislativo1;1;nr
legislatoris;1;nr
lei9;1;nr
leitor;1;nom
lejana;1;nr
lenco;1;nom
lenda;1;nom
lentidao;1;nom
leonardo;1;nom
lep;1;nr
lesionado;1;adj
leso;1;adj
lesou;1;nr
letal;1;adj
letivo;1;adj
leven;1;nr
levitsky;1;nr
lf;1;nr
libano;1;nom
liberalizacao;1;nom
libertatis;1;nr
lica;1;nom
licitatario;1;nr
licitatorios;1;nr
limitador;1;nom
limitation;1;nr
limpar;1;ver
linear;1;adj
linearmente;1;adv
linfadenopatia;1;nr
linguagem;1;nom
linguistico;1;adj
linkedin;1;nr
liquidez;1;nom
liquido;1;nom
lira;1;nom
lisboa;1;nom
litigioso;1;adj
litisconsorcio;1;nom
lizandra;1;nr
llegislativas;1;nr
loc;1;nr
locaticios;1;nr
lockdowns;1;nr
locomover;1;ver
logisticamente;1;adv
logomarca;1;nom
london;1;nr
look;1;nr
lopez;1;nom
lora;1;nr
lotc;1;nr
loteamento;1;nom
loterico;1;adj
lower;1;nr
lpm;1;nr
ltm3;1;nr
lucao;1;nr
luchi;1;nr
luciano;1;nom
lucio;1;nom
lucrativo;1;adj
luminoso;1;adj
lviii;1;nr
lx;1;nr
lxv;1;nr
lxvii;1;nr
lyra;1;nom
macapa;1;nom
macbook;1;nr
maco;1;nom
madison;1;nr
madrid;1;nom
magal;1;nr
magister;1;nr
mai;1;nr
maia;1;nom
majoradas;1;nr
majoraram;1;nr
majoritariamente;1;adv
malferimentos;1;nr
malgrado;1;pre
malha;1;nom
maluf;1;nom
mancuso;1;nom
mandamus;1;nr
manipulativo;1;nr
manoel;1;nom
mantenca;1;nom
manuseamento;1;nom
manzoli;1;nr
mapeamento;1;nom
mapear;1;ver
maquiavelicamente;1;adv
marcela;1;nom
marcha;1;nom
marginalmente;1;adv
marie;1;nom
maritimo;1;adj
mariz;1;nr
marseille;1;nr
marsen;1;nr
martir;1;nom
masamy;1;nr
mass;1;nr
matiz;1;nom
matsuura;1;nr
maurico;1;nr
maurocesar;1;nr
maximizassem;1;nr
may;1;nr
mazela;1;nom
mbe;1;nr
mbora;1;nr
mbway;1;nr
mcdougall;1;nr
mctic;1;nr
md5;1;nr
mdh;1;nr
meado;1;nom
medeiros;1;nom
mediacao;1;nom
mediano;1;adj
medicinar;1;nr
medidor;1;nom
medula;1;nom
mega;1;nom
melar;1;ver
melissa;1;nom
mell;1;nr
mellodje;1;nr
men;1;nr
meningite;1;nom
menoscabou;1;nr
mens;1;nr
mensuravel;1;adj
mento;1;nom
merce;1;nom
mercosul;1;nr
merenda;1;nom
merlin;1;nr
messianismo;1;nom
metaphysical;1;nr
meter;1;ver
metodico;1;adj
metropole;1;nom
miar;1;ver
michelle;1;nr
microempreendedor;1;nr
microempreendedores;1;nr
microinstitucionalidades;1;nr
midiatica;1;nr
midiaticos;1;nr
migrante;1;adj
milho;1;nom
millions;1;nr
minage;1;nr
minerarias;1;nr
miniatro;1;nr
minimizacao;1;nom
ministracao;1;nr
minorar;1;ver
minuciosamente;1;adv
minudenciada;1;nr
minuta;1;nom
mira;1;nom
miriade;1;nom
miseria;1;nom
mismo;1;nr
misturar;1;ver
misunderstanding;1;nr
mit;1;nr
mitidiero;1;nr
mitigation;1;nr
mitigatorias;1;nr
mitigou;1;nr
ml;1;nr
mm;1;nr
mmfdh11;1;nr
mmirdh;1;nr
mndh;1;nr
mochila;1;nom
moco;1;nom
modelling;1;nr
moderacao;1;nom
modernidade;1;nom
moldura;1;nom
monitor;1;nom
monitoracao;1;nom
monitore;1;nr
monitorou;1;nr
monographs;1;nr
monolitico;1;adj
monta;1;nom
monte;1;nom
montenegro;1;nom
moralmente;1;adv
morbidade;1;nom
moroso;1;adj
mortal;1;adj
mortinatalidade;1;nr
motivador;1;adj
motocicleta;1;nom
motoneta;1;nom
mouco;1;nom
mourao;1;nom
movimentar;1;ver
mposicao;1;nr
mprimento;1;nr
mrc;1;nr
ms9;1;nr
msm;1;nr
muller;1;nom
multicitada;1;nr
multidisciplinar;1;adj
multidisciplinaridade;1;nom
multiempresarial;1;nr
multilateral;1;adj
multiparametricos;1;nr
multissistemica;1;nr
municipe;1;nom
museologico;1;adj
mutagenicas;1;nr
mutandi;1;nr
mutatis;1;nr
mutuario;1;nom
n10;1;nr
n9;1;nr
nachteil;1;nr
nacionalidade;1;nom
nado;1;nom
nais;1;nr
naomi;1;nr
nardes;1;nr
narracao;1;nom
nascer;1;nom
nata;1;nom
natal;1;adj
natura;1;nom
naturalmente;1;adv
nauseam;1;nr
nazismo;1;nom
nca;1;nr
ncm;1;nr
need;1;nr
negacao;1;nom
negacionismo;1;nr
negligenciavel;1;adj
negligente;1;adj
negociabilidade;1;nr
nervo;1;nom
nery;1;nom
nestor;1;nom
neurologico;1;adj
nevralgico;1;adj
newton;1;nom
nexo;1;nom
nicho;1;nom
nidh;1;nr
nilo;1;nom
nina;1;nom
nitidamente;1;adv
nivelamento;1;nom
nogueira;1;nom
nomina;1;nr
nominado;1;nr
nomologico;1;nr
nono;1;adj_num
nordestino;1;adj
norm;1;nr
normatizadora;1;nr
normatizar;1;ver
notario;1;nom
notatcnicasei_mdh2723962;1;nr
notitia;1;nr
noturno;1;adj
nova_consulta;1;nr
novelino;1;nr
nte;1;nr
nucam;1;nr
numeral;1;nom
numeroso;1;adj
nuto;1;nom
ny;1;nr
oam;1;nr
ob;1;nr
objetivo;1;adj
objetktiv;1;nr
obliteracao;1;nom
obliterar;1;ver
obrar;1;ver
obscurantismo;1;nom
obsequiar;1;ver
observacional;1;adj
observacoes1;1;nr
obstaculizavam;1;nr
obstaculize;1;nr
obstam;1;nr
obstaria;1;nr
obstasse;1;nr
obstrucao;1;nom
obtempera;1;nr
ocabimento;1;nr
ocasionalmente;1;adv
ocde;1;nr
oco;1;adj
ocorrente;1;adj
ocultamento;1;nr
oculto;1;adj
odio;1;nom
odioso;1;adj
odontologo;1;nr
ofensividade;1;nr
offenbar;1;nr
oficiei;1;nr
oficina;1;nom
ogal;1;nr
oglobo;1;nr
oi;1;ono
oiapoque;1;nom
ok;1;nr
okumoto;1;nr
olds;1;nr
oligopolio;1;nom
omc;1;nr
omissis;1;nr
only;1;nr
onsiderando;1;nr
op;1;nr
operacionalizar;1;nr
opm;1;nr
oportuniza;1;nr
oportunizadas;1;nr
oportunizara;1;nr
opressao;1;nom
opressivo;1;adj
or;1;nr
oralmente;1;adv
orao;1;nr
orbital;1;adj
orcamentoanual;1;nr
order;1;nr
organicamente;1;adv
organizatorio;1;nr
organo;1;nr
organograma;1;nom
organosphosphate;1;nr
orquestrar;1;ver
orteses;1;nr
oscilante;1;adj
osegunda;1;nr
osma;1;nr
osnei;1;nr
oso;1;nr
osroyalties;1;nr
oteses;1;nr
otimizacao;1;nom
otimizar;1;ver
otimizaçao;1;nr
overwhelming;1;nr
oxidacao;1;nom
ozonio;1;nom
pacajusce;1;nr
pacheco;1;nom
pacificacao;1;nom
pacificador;1;nom
pacificamente;1;adv
padecer;1;ver
padeceria;1;nr
padeceriam;1;nr
padronizacao;1;nom
paestare;1;nr
pagante;1;adj
pager;1;nom
paim;1;nr
painel;1;nom
paisagismo;1;nom
paixao;1;nom
palacio;1;nom
palanque;1;nom
palco;1;nom
paliativo;1;adj
palma;1;nom
palmilhada;1;nr
palmtree;1;nr
pan;1;nom
pandemicos;1;nr
pandora;1;nom
pao;1;nom
papar;1;ver
papers;1;nr
paquimetro;1;nom
parado;1;adj
paralisar;1;ver
paralisem;1;nr
paramount;1;nom
parcelamento;1;nom
parcimonia;1;nom
parecerista;1;nr
parentese;1;nom
parlamentarista;1;adj
part;1;nr
parta;1;adj
participants;1;nr
parágrafo;1;nr
pasto;1;nom
paternalista;1;adj
paternidade;1;nom
patio;1;nom
patogenico;1;adj
patologia;1;nom
patrick;1;nom
patrocinio;1;nom
patronal;1;adj
patrono;1;nom
paulatinamente;1;adv
paulatino;1;adj
pavimentar;1;ver
pc;1;nr
pcdt;1;nr
pdl;1;nr
pecha;1;nom
pedea;1;nr
pedestre;1;adj
pediatra;1;nom
pediatria;1;nom
pen;1;nr
penalizar;1;ver
pentagon;1;nr
pentagono;1;nom
people;1;nr
pequim;1;nom
percalco;1;nom
percurso;1;nom
perdulario;1;adj
perene;1;adj
perfilar;1;ver
perfilhando;1;nr
pericardicas;1;nr
pericardio;1;nom
peritonio;1;nom
perlita;1;nr
permutador;1;nom
perpassaria;1;nr
perpetracao;1;nom
perpetuarao;1;nr
persecutorio;1;adj
persistente;1;adj
personagem;1;nom
personalismo;1;nom
persuasivo;1;adj
pescador;1;nom
pessoalizacao;1;nr
pessoalmente;1;adv
peticionante;1;nr
peticionar;1;ver
peticionarias;1;nr
pfpb;1;nr
pgs;1;nr
pgu;1;nr
phillipe;1;nr
phillips;1;nom
pincel;1;nom
pintar;1;ver
piquet;1;nom
placebo;1;nom
placitar;1;nr
planilha;1;nom
planonacional;1;nr
planteada;1;nr
platform;1;nr
plebiscitaria;1;nr
pleiade;1;nom
pleitou;1;nr
pleura;1;nom
plexo;1;nom
plural;1;nom
pluralista;1;adj
pluralizar;1;ver
plurissignificativo;1;nr
pmn;1;nr
pnaisp;1;nr
pncfs;1;nr
pneu;1;nom
pnld;1;nr
poa;1;nom
poderio;1;nom
poderoso;1;adj
point;1;nr
polarization;1;nr
policy;1;nr
poligonal;1;adj
poliomielite;1;nom
politicoeleitoral;1;nr
politicoinstitucional;1;nr
politizar;1;ver
pontar;1;nr
pontificio;1;adj
pontovia;1;nr
pontuacao;1;nom
popularizacao;1;nom
populoso;1;adj
porcao;1;nom
pormenor;1;nom
portable;1;nr
portuguesar;1;nr
positivam;1;nr
positivismo;1;nom
posseiro;1;adj
possessorio;1;adj
possuidor;1;adj
postar;1;ver
postergacao;1;nom
postergar;1;ver
postergo;1;nr
postergue;1;nr
postulandi;1;nr
potavel;1;adj
practice;1;nr
praeventionis;1;nr
praticabilidade;1;nr
praticante;1;nom
pratico;1;adj
prazer;1;nom
prb;1;nr
preamarmedio;1;nr
precariamente;1;adv
precariza;1;nr
precaucionaria;1;nr
precedimento;1;nr
precificacao;1;nr
precificar;1;nr
precitada;1;nr
precitadas;1;nr
preclaro;1;adj
predacao;1;nom
predicado;1;nom
predicativo;1;adj
predio;1;nom
predominantemente;1;adv
preferentemente;1;adv
preferido;1;adj
prefixar;1;ver
premente;1;adj
premio;1;nom
prender;1;ver
prenunciadas;1;nr
preocupado;1;adj
preocupar;1;ver
preponderante;1;adj
prescritivo;1;adj
presentantes;1;nr
presidencialismo;1;nom
presidencialista;1;adj
presidenta;1;nr
pressa;1;nom
presses;1;nr
pressionar;1;ver
pressurizado;1;adj
presteza;1;nom
presumidamente;1;adv
pretendente;1;nom
prevaricacao;1;nom
preveniveis;1;nr
prevent;1;nr
preventa;1;nr
prezado;1;adj
primado;1;nom
primazia;1;nom
principiologia;1;nr
principiologica;1;nr
principles;1;nr
prinscipios;1;nr
prioriza;1;nr
priorizacao;1;nom
priorizadas;1;nr
privatividade;1;nr
privatizacao;1;nom
privilegiado;1;adj
prnt;1;nr
procedimentalizado;1;nr
proclamacao;1;nom
procuratorio;1;nr
production;1;nr
professional;1;nr
profissionalizacao;1;nom
profundidade;1;nom
progressivamente;1;adv
proibitivo;1;adj
proibitorio;1;adj
projetista;1;adj
prolongado;1;adj
prolongamento;1;nom
promovente;1;nr
promoventes;1;nr
pronunciado;1;adj
prop_mostrarintegra;1;nr
propalado;1;adj
propalar;1;ver
property;1;nr
propo;1;nr
proposicoesweb;1;nr
propositado;1;adj
proscrever;1;ver
proscrito;1;adj
protelacao;1;nom
protelatorios;1;nr
protese;1;nom
protetivo;1;nr
protraiam;1;nr
provacao;1;nom
provedor;1;nom
provejam;1;nr
provir;1;ver
provisionamento;1;nr
proximamente;1;adv
prp;1;nr
prudencial;1;nr
prurido;1;nom
prussia;1;nom
prventivo;1;nr
pse;1;nr
psicologicamente;1;adv
psicossocial;1;adj
ptbr;1;nr
publicista;1;nom
publiciste;1;nr
publicizado;1;nr
publicizados;1;nr
publicizar;1;nr
pues;1;nr
pulmao;1;nom
pulverizacao;1;nom
pulverizar;1;ver
punibilidade;1;nom
pureza;1;nom
q0;1;nr
qd;1;nr
qr;1;nr
quadrante;1;nom
quadrienal;1;adj
qualitativamente;1;adv
qualitativo;1;adj
quartel;1;nom
quebrado;1;adj
quenao;1;nr
quesito;1;nom
questionario;1;nom
quilombo;1;nom
ra;1;nom
rachadinha;1;nr
racionalizaria;1;nr
racismo;1;nom
radiodifusao;1;nom
radiofrequencias;1;nr
rande;1;nr
randomizado;1;nr
ranieri;1;nom
rankings;1;nr
raphael;1;nr
raridade;1;nom
rastreabilidade;1;nr
ratio;1;nr
rato;1;nom
rbpssan;1;nr
rda;1;nr
rdd;1;nr
reabilitacao;1;nom
reabrirmos;1;nr
readequacao;1;nom
reanalisar;1;ver
reapresentar;1;ver
reassumir;1;ver
reavaliar;1;ver
rebeldia;1;nom
rebeliao;1;nom
rebello;1;nom
recalculo;1;nom
recanto;1;nom
recapeamento;1;nr
receada;1;nr
receb;1;nr
recebiveis;1;nr
recebivel;1;nr
receoso;1;adj
receptividade;1;nom
recessao;1;nom
recibo;1;nom
recine;1;nr
recinto;1;nom
recipiente;1;nom
reciproco;1;adj
recomentar;1;nr
recompensa;1;nom
recondito;1;adj
reconducoes;1;nr
reconhendo;1;nr
reconquistar;1;ver
reconstruir;1;ver
record;1;nom
recreacao;1;nom
recriacao;1;nom
redundancia;1;nom
reeditar;1;ver
reembolso;1;nom
reequilibrar;1;ver
reestabelecer;1;nr
reestimar;1;nr
reexportacao;1;nom
refazer;1;ver
refazimento;1;nr
refeicao;1;nom
refeito;1;adj
referencial;1;nom
referencialmente;1;adv
refinancia;1;nr
reflet;1;nr
reflexamente;1;nr
refocus;1;nr
refogem;1;nr
reformular;1;ver
refreio;1;nr
refrigeracao;1;nom
regencov;1;nr
regimentalmente;1;adv
registral;1;nr
registrante;1;nr
registro3;1;nr
regravacao;1;nom
regresso;1;nom
regularizem;1;nr
reincorporacao;1;nr
reinstituicao;1;nr
reiteracao;1;nom
reiteraria;1;nr
reivindicacao;1;nom
relatividade;1;nom
relatorio_nacional_vigilancia_populacoes_expostas_agrotoxicos;1;nr
relatoro;1;nr
relaxar;1;ver
release;1;nom
relevantissimas;1;nr
relevantissimo;1;nr
relizacao;1;nr
relutancia;1;nom
relva;1;nom
remendo;1;nom
remodelem;1;nr
renal;1;adj
rename;1;nr
renamo;1;nr
renavam;1;nr
renegociar;1;ver
renovavel;1;adj
reorganizar;1;ver
reorientem;1;nr
reparador;1;nom
repartir;1;ver
repeatedly;1;nr
repensar;1;ver
repercurta;1;nr
repercurtam;1;nr
repercutam;1;nr
repiso;1;nr
reponsabilizacao;1;nr
reposicao;1;nom
repositorio;1;nom
reprimenda;1;nom
repristinar;1;nr
repristinaria;1;nr
repristinatoria;1;nr
repristinatorios;1;nr
reprovabilidade;1;nr
repticia;1;nr
repticio;1;nr
republicanismo;1;nom
repugnancia;1;nom
repugnar;1;nr
reputacao;1;nom
requestados;1;nr
requisitaveis;1;nr
reschtssicherheit;1;nr
rescisorios;1;nr
research;1;nr
resfriamento;1;nom
residuai;1;nr
resolvido;1;adj
resourcescenter;1;nr
respect;1;nr
respectica;1;nr
respeito1;1;nr
respel;1;nr
responce;1;nr
responsar;1;nr
responsibilities;1;nr
ressocializacao;1;nr
restituitorias;1;nr
resultats;1;nr
resumido;1;adj
resumo_tecnico_censo_da_educacao_superior_2019;1;nr
resvalaria;1;nr
retardar;1;ver
retardo;1;nom
retencao;1;nom
retidao;1;nom
retido;1;adj
retoricar;1;nr
retransmitir;1;ver
retroagir;1;ver
retroalimentacao;1;nr
retrorreferida;1;nr
retrospecto;1;nom
reu;1;nom
reutilizacao;1;nom
revalidar;1;ver
revenda;1;nom
reverenciar;1;ver
reversibilidade;1;nom
review;1;nr
revisitacao;1;nom
revisitar;1;ver
revisto;1;adj
revolto;1;adj
revolver;1;nom
revolvimento;1;nom
rf;1;nr
rh;1;nr
ria;1;nom
ridauto;1;nr
rights;1;nr
rigidez;1;nom
risk;1;nr
ritual;1;nom
rivalizados;1;nr
rms;1;nr
robert;1;nom
rodolfo;1;nom
roer;1;ver
rogatorio;1;adj
rolar;1;ver
romenia;1;nom
rondoniense;1;adj
rony;1;nr
rosimayre;1;nr
roteiro;1;nom
roupa;1;nom
rpge;1;nr
rubinzal;1;nr
rumorar;1;nr
ruralista;1;adj
sabado;1;nom
sabenca;1;nr
sabio;1;adj
sabo;1;nr
sabor;1;nom
sabotagem;1;nom
sabotar;1;ver
saccomano;1;nr
saciedade;1;nom
sacrificar;1;ver
sacrossanto;1;adj
sadio;1;adj
saes;1;nr
safety;1;nr
sagrar;1;ver
saldar;1;ver
salis;1;nr
salles;1;nom
salute;1;nr
salvio;1;nom
same;1;nr
sanchesn;1;nr
sancionadora;1;nr
sancionares;1;nr
sancionatorio;1;adj
sandro;1;nom
sanidade;1;nom
santiago;1;nom
saop;1;nr
sarcastico;1;adj
savio;1;nom
saxonica;1;nr
sbi;1;nr
sbp;1;nr
sbpt;1;nr
scaletsky;1;nr
schlechthin;1;nr
school;1;nr
schwerer;1;nr
search;1;nr
sebastiao;1;nom
secovi;1;nr
securitario;1;adj
sedec;1;nr
sefip;1;nr
seguinte3;1;nr
seguramente;1;adv
segurar;1;ver
seinem;1;nr
seiner;1;nr
selar;1;ver
selectively;1;nr
seletividade;1;nom
semanal8;1;nr
semanalmente;1;adv
semestral;1;adj
semestralmente;1;adv
semiaberto;1;nr
semiarido;1;nr
sena;1;nom
sending;1;nr
sensibilizar;1;ver
sentimento;1;nom
sentinela;1;nom
separadamente;1;adv
seprt;1;nr
sequencial;1;adj
sergipano;1;adj
seriamente;1;adv
serv;1;nr
serventia;1;nom
servidao;1;nom
serviço;1;nr
settings;1;nr
severamente;1;adv
shell;1;nom
shields;1;nr
shot;1;nr
siano;1;nr
sibinelli;1;nr
sifavi4;1;nr
sig;1;nr
signifcado;1;nr
significacao;1;nom
signo;1;nom
sima;1;nr
simbolizar;1;ver
simile;1;adj
simpatia;1;nom
sinalagmaticas;1;nr
sinalizarem;1;nr
sincomercio;1;nr
sincotec;1;nr
sincronismo;1;nom
sindcomercio;1;nr
sindcomercioto;1;nr
sindicabilidade;1;nr
sindicalismo;1;nom
sindicalizacao;1;nom
sindicancia;1;nom
sindicar;1;ver
sindicaveis;1;nr
sindicomercio;1;nr
sindivarejista;1;nr
singrar;1;ver
sinistro;1;adj
sinonimo;1;nom
sintetizo;1;nr
sintomatico;1;adj
sisbin;1;nr
sistematicidade;1;nom
sivo;1;nr
slide;1;nom
smartphone;1;nr
sms;1;nr
soar;1;ver
sobredito;1;adj
sobressairia;1;nr
sobrestada;1;nr
sobrestado;1;nr
sobrevida;1;nom
sobrevirao;1;nr
sobrevivente;1;nom
sobreviver;1;ver
soc;1;nr
socialidade;1;nr
socieconomico;1;nr
sofisticado;1;adj
solidificar;1;ver
solimene;1;nr
soltura;1;nom
solvida;1;nr
soneto;1;nom
sonoro;1;adj
sopesado;1;nr
sopesamento;1;nr
soroconversao;1;nr
sortear;1;ver
southern;1;nr
space;1;nr
spatial;1;nr
specificamente;1;nr
speeches;1;nr
sph;1;nr
sports;1;nr
spreads;1;nr
sqsw;1;nr
srtvs;1;nr
ss;1;nr
ssetluc;1;nr
ssp;1;nr
st;1;nr
staatsrecht;1;nr
stados;1;nr
staf;1;nr
stanford;1;nom
statu;1;nr
steven;1;nr
stimmigkeitskontrolle;1;nr
stocco;1;nr
strategies;1;nr
streaming;1;nr
stricto;1;nr
subconcessionaria;1;nr
subconjunto;1;nom
subcontratar;1;ver
subdimensionamento;1;nr
subida;1;nom
subjectivo;1;adj
subjetivacao;1;nom
subjetivamente;1;adv
subordinante;1;adj
subordinara;1;nr
subordinem;1;nr
subproduto;1;nom
subsidiaridade;1;nr
subsistema;1;nom
substanciar;1;ver
subsume;1;nr
subtrativo;1;adj
subunidade;1;nom
sucateados;1;nr
sucumbencia;1;nom
sufocar;1;ver
sugestivo;1;adj
sulco;1;nom
sumpremo;1;nr
superdimensiona;1;nr
superexploracao;1;nr
superfluo;1;adj
superintendencia;1;nom
superlativo;1;nom
superlotacao;1;nom
supervision;1;nr
suppression;1;nr
supralegais;1;nr
suprapositivo;1;nr
supratranscrito;1;nr
supreme;1;nr
supressiva;1;nr
supuesta;1;nr
tablet;1;nr
taca;1;nom
tacao;1;nom
taguchi;1;nr
taisa;1;nr
talo;1;nom
tamburutaca;1;nr
também;1;nr
tancagem;1;nr
tap;1;nr
taquigrafia;1;nom
tardar;1;ver
tardio;1;adj
tarifario;1;adj
tatbeständen;1;nr
tatico;1;adj
tavares;1;nom
taveira;1;nr
taxativamente;1;adv
tc;1;nr
tedros;1;nr
telemovel;1;nom
teleologia;1;nom
teletrabalho;1;nr
temido;1;adj
temperatura;1;nom
tempero;1;nom
tempestividade;1;nom
temporada;1;nom
temporalmente;1;adv
temporis;1;nr
tenaz;1;adj
tencionar;1;ver
tenro;1;adj
tentacao;1;nom
teratogenicas;1;nr
teratologicas;1;nr
teratologico;1;adj
terca;1;adj
terciario;1;adj
terrivelmente;1;adv
terror;1;nom
tes;1;nr
testemunho;1;nom
tetano;1;nom
theintercept;1;nr
them;1;nr
thema;1;nr
this;1;nr
those;1;nr
tiago;1;nom
tiburcio;1;nr
ticipou;1;nr
til;1;nom
tim;1;nom
timon;1;nr
tio;1;nom
tipificar;1;ver
tisnado;1;nr
tjsc;1;nr
tobago;1;nom
tom;1;nom
tool;1;nr
topologicamente;1;nr
tormentoso;1;adj
tourbillon;1;nr
tpa;1;nr
tpbf_13gwpq;1;nr
traco;1;nom
tractu;1;nr
tradeoffs;1;nr
tramitara;1;nr
tramitarem;1;nr
transformado;1;adj
transgenico;1;nom
transmitancia;1;nom
transnepotismo;1;nr
transpassava;1;nr
transpassem;1;nr
transportado;1;adj
transposicao;1;nom
transversalidade;1;nom
traslade;1;nr
tratavas;1;nr
trava;1;nom
travestindo;1;nr
treinar;1;ver
tremendo;1;adj
trente;1;nr
trf4;1;nr
tribunal3;1;nr
tribunla;1;nr
triciclo;1;nom
trilha;1;nom
trimestre;1;nom
trinidad;1;nom
tripartite;1;adj
triplo;1;adj_num
triste;1;adj
trita;1;nr
trivial;1;adj
trocar;1;ver
troco;1;nom
tronar;1;ver
trt;1;nr
trucagem;1;nom
truste;1;nom
tubo;1;nom
tumulto;1;nom
turbacao;1;nom
turbada;1;nr
turbados;1;nr
turista;1;nom
turvo;1;adj
tutor;1;nom
uadi;1;nr
ubermassverbot;1;nr
ubs;1;nr
ucrania;1;nom
uferms;1;nr
ufrj;1;nr
uizo;1;nr
ulneraria;1;nr
ultimadas;1;nr
ultiplicidade;1;nr
ultraprocessados;1;nr
ultura;1;nr
umbral;1;nom
unanimemente;1;adv
unicef;1;nr
unidirecional;1;adj
unificar;1;ver
uniformidade;1;nom
uniformizacao;1;nom
unipessoal;1;adj
universalizar;1;ver
universi;1;nr
universitaire;1;nr
universitaires;1;nr
unnötig;1;nr
unrestrained;1;nr
up;1;nr
upload;1;nr
upon;1;nr
urador;1;nr
urbanismo;1;nom
urbanistico;1;adj
urbanizacao;1;nom
urbe;1;nom
ureia;1;nom
urticar;1;nr
usabilidade;1;nom
used;1;nr
users;1;nr
usufruto;1;nom
utela;1;nr
utilitarista;1;adj
utilizables;1;nr
vaca;1;nom
vacancia;1;nom
vaccinations;1;nr
vaccines;1;nr
vacina3;1;nr
vacuum;1;nr
valemo;1;nr
valenca;1;nom
valery;1;nr
validaveis;1;nr
valle;1;nom
valo;1;nom
valorizar;1;ver
van;1;nr
vaporizacao;1;nom
varejista;1;adj
varredura;1;nom
vd;1;nr
vecina;1;nr
vedarem;1;nr
vegetacao;1;nom
vehicle;1;nr
velar;1;adj
vencimentais;1;nr
vendedor;1;nom
ventilatorio;1;nr
veracidade;1;nom
verbalmente;1;adv
verhältnismässigen;1;nr
verhältnismässigkeitsprinzip;1;nr
vermeule;1;nr
vernaculo;1;nom
verter;1;ver
verticalizacao;1;nr
vertrauensshutz;1;nr
vestibular;1;nom
veterinario;1;nom
vetorial;1;adj
vetusto;1;adj
vexada;1;nr
viabilizacao;1;nom
viabilizadores;1;nr
viario;1;adj
vicente;1;nom
viciado;1;adj
victor;1;nom
vidal;1;nom
vietna;1;nom
viewpoint;1;nr
views;1;nr
vigesimo;1;adj_num
vigiar;1;ver
vigilante;1;adj
vinchon;1;nr
vingativo;1;adj
violates;1;nr
viral;1;adj
virotico;1;adj
visibilidade;1;nom
visitante;1;nom
vislumbre;1;nom
vislumbrem;1;nr
vistoriadores;1;nr
vistoriados;1;nr
visual;1;adj
vitalidade;1;nom
vitalizar;1;ver
vittorio;1;nom
vizinho;1;adj
vocabulo;1;nom
voluntad;1;nr
voluntariamente;1;adv
vomito;1;nom
vorbehalt;1;nr
vos;1;pro_per
voz;1;nom
vulgarizadas;1;nr
vulnerabiliza;1;nr
vulnerabilizadas;1;nr
vulnerabilizar;1;nr
vulneracion;1;nr
vulnerado;1;nr
vulneradores;1;nr
vulneraçao;1;nr
vulnere;1;nr
wallace;1;nom
wanderley;1;nom
war;1;nr
washington;1;nom
watch;1;nr
watson;1;nom
web;1;nr
webcache;1;nr
website;1;nr
weimar;1;nr
well;1;nr
wesengehalt;1;nr
wesley;1;nr
when;1;nr
whether;1;nr
whittaker;1;nr
whose;1;nr
wi;1;nr
william;1;nom
without;1;nr
wogegen;1;nr
wolfang;1;nr
worldometer;1;nr
worldometers1;1;nr
www12;1;nr
xlviii;1;nr
xxvi;1;nr
xxx;1;nr
xxxi;1;nr
y;1;nom_sup
year;1;nr
youtu;1;nr
youtube;1;nr
yuri;1;nom
zaravalho;1;nr
zcloud;1;nr
zera;1;nr
zerada;1;nr
zerado;1;nr
zerou;1;nr
ziblatt;1;nr
zonal;1;adj
zoneamento;1;nom
zum;1;nr
zymler;1;nr