,ativo,tipo
1,ELISETE FERREIRA DIAS,0
2,PRESIDENTE DA REPUBLICA,1
3,GOVERNADORA DO ESTADO DO MARANHAO,5
4,"FEDERACAO NACIONAL DAS EMPRESAS DISTRIBUIDORAS VINCULADAS AOS FABRICANTES DE CERVEJA, REFRIGERANTES E AGUA MINERAL",9
5,ASSOCIACAO NACIONAL DE DEFENSORES PUBLICOS,9
6,PARTIDO SOCIALISMO E LIBERDADE,8
7,PARTIDO DOS TRABALHADORES,8
8,CONFEDERACAO NACIONAL DE SERVICOS,9
9,CONFEDERACAO NACIONAL DOS ESTABELECIMENTOS DE ENSINO,9
10,ASSOCIACAO BRASILEIRA DO AGRONEGOCIO,9
11,"CONFEDERACAO NACIONAL DE SAUDE, HOSPITAIS, ESTABELECIMENTOS E SERVICOS",9
12,FEDERACAO NACIONAL DOS TRABALHADORES DO JUDICIARIO FEDERAL E MINISTERIO PUBULICO DA UNIAO,9
13,PREFEITO MUNICIPAL DE ALTO RIO DOCE,0
14,ASSOCIACAO NACIONAL DOS PROCURADORES DOS ESTADOS E DO DISTRITO FEDERAL,9
15,DEMOCRATAS,8
16,ELO ENGENHARIA COMERCIO E CONSTRUCOES LTDA,0
17,ASSOCIACAO BRASILEIRA DO COMERCIO FARMACEUTICO,9
18,ASSOCIACAO BRASILEIRA DE EMISSORAS DE RADIO E TELEVISAO,9
19,PROCURADOR-GERAL DA REPUBLICA,6
20,PARTIDO PROGRESSISTA,8
21,PARTIDO SOCIALISTA BRASILEIRO,8
22,SOCIEDADE RURAL BRASILEIRA,9
23,PARTIDO SOCIAL DEMOCRATICO,8
24,GOVERNADOR DO ESTADO DA BAHIA,5
25,CONFEDERACAO DOS SERVIDORES PUBLICOS DO BRASIL,9
26,ASSOCIACAO NACIONAL DAS UNIVERSIDADES PARTICULARES,9
27,PARTIDO DA SOCIAL DEMOCRACIA BRASILEIRA,8
28,ASSOCIACAO NACIONAL DOS SERVIDORES DA JUSTICA DO TRABALHO,9
29,ASSOCIACAO NACIONAL DOS SERVIDORES DO JUDICIARIO FEDERAL,9
30,GOVERNADOR DO DISTRITO FEDERAL,5
31,ASSOCIACAO DOS MEMBROS DOS TRIBUNAIS DE CONTAS DO BRASIL,9
32,ASSOCIACAO NACIONAL DO MINISTERIO PUBLICO DE CONTAS,9
33,ASSOCIACAO NACIONAL DOS AUDITORES (MINISTROS E CONSELHEIROS SUBSTITUTOS) DOS TRIBUNAIS DE CONTAS DO BRASIL,9
34,DEM NACIONAL,8
35,ASSOCIACAO NACIONAL DOS MAGISTRADOS DA JUSTICA DO TRABALHO,9
36,MESA DA ASSEMBLEIA LEGISLATIVA DO ESTADO DA BAHIA,4
37,"SINDICATO NACIONAL DOS APOSENTADOS, PENSIONISTAS E IDOSOS DA FORCA SINDICAL",9
38,PARTIDO SOCIAL LIBERAL,8
39,SOLIDARIEDADE,8
40,GOVERNADOR DO ESTADO DA PARAIBA,5
41,CONFEDERACAO NACIONAL DO TRANSPORTE,9
42,CONFEDERACAO NACIONAL DOS TRABALHADORES NO COMERCIO,9
43,PARTIDO COMUNISTA DO BRASIL,8
44,PARTIDO POPULAR SOCIALISTA,8
45,ASSOCIACAO NACIONAL DAS EMPRESAS DE TRANSPORTES URBANOS,9
46,GOVERNADOR DO ESTADO DE SERGIPE,5
47,GOVERNADOR DO ESTADO DO PIAUI,5
48,CONFEDERACAO NACIONAL DOS PESCADORES E AQUICULTORES,9
49,ASSOCIACAO NACIONAL DAS FRANQUIAS POSTAIS DO BRASIL,9
50,UNIAO GERAL DOS TRABALHADORES DO ESTADO DO RIO DE JANEIRO,9
51,PARTIDO DEMOCRATICO TRABALHISTA,8
52,ASSOCIACAO BRASILEIRA DAS EMPRESAS EXIBIDORAS CINEMATOGRAFICAS OPERADORAS DE MULTIPLEX,9
53,ASSOCIACAO BRASILEIRA DOS DISTRIBUIDORES DE ENERGIA ELETRICA,9
54,REDE SUSTENTABILIDADE,8
55,CIDADANIA,8
56,GOVERNADOR DO ESTADO DO RIO DE JANEIRO,5
57,CONFEDERACAO BRASILEIRA DE ATLETISMO,9
58,PARTIDO HUMANISTA DA SOLIDARIEDADE,8
59,SOCIEDADE BRASILEIRA PARA CONSERVACAO DA FAUNA,9
60,CONFEDERACAO DOS SERVIDORES PUBLICOS DO BRASIL C S P B,9
61,"FEDERACAO NACIONAL DOS SERVIDORES DOS MINISTERIOS PUBLICOS ESTADUAIS, DOS SERVIDORES DAS PROCURADORIAS-GERAIS DOS ESTADOS E DOS SERVIDORES DAS DEFENSORIAS PUBLICAS ESTADUAIS",9
62,SINDICATO NACIONAL DOS TRABALHADORES EM FUNDACOES PUBLICAS FEDERAIS DE GEOGRAFIA E ESTATISTICA,9
63,ASSOCIACAO AUDITORIA CIDADA DA DIVIDA,9
64,ASSOCIACAO DE PRACAS DO ESTADO DE SANTA CATARINA,9
65,"ASSOCIACAO NACIONAL DE AVALIACAO, ATENCAO E AMPARO A SAUDE",9
66,ASSOCIACAO NACIONAL DOS AUDITORES FISCAIS DA RECEITA FEDERAL DO BRASIL,9
67,"CONFEDERACAO BRASILEIRA DE APOSENTADOS, PENSIONISTAS E IDOSOS",9
68,CONFEDERACAO NACIONAL DOS TRABALHADORES EM SEGURIDADE SOCIAL DA CUT,9
69,CONFEDERACAO NACIONAL DOS TRABALHADORES NA AGRICULTURA,9
70,FEDERACAO DOS TRABALHADORES EM DIFUSAO CULTURAL E ARTISTICA DO ESTADO DE SAO PAULO,9
71,"FEDERACAO NACIONAL DOS SINDICATOS DE TRABALHADORES EM SAUDE, TRABALHO, PREVIDENCIA E ASSISTENCIA SOCIAL",9
72,FUNDACAO ANFIP DE ESTUDOS DA SEGURIDADE SOCIAL E TRIBUTARIO,9
73,"MOVIMENTO DOS SERVIDORES PUBLICOS, APOSENTADOS E PENSIONISTAS",9
74,CENTRAL DA CLASSE TRABALHADORA,9
75,SINDICATO DOS ECONOMISTAS DO DISTRITO FEDERAL,9
76,"SINDICATO DOS EMPREGADOS EM EMPRESAS EXIBIDORAS, DISTRIBUIDORAS E PRODUTORAS DE FILMES E VIDEOS CINEMATOGRAFICOS DO ESTADO DO RIO GRANDE DO SUL",9
77,SINDICATO DOS TRABALHADORES EM SAUDE E PREVIDENCIA DO SERVICO PUBLICO FEDERAL DO ESTADO DE SANTA CATARINA,9
78,"SINDICATO FEDERAL DOS SERVIDORES FEDERAIS AUTARQUICOS NOS ENTES DE FORMULACAO, PROMOCAO E FISCALIZACAO DA POLITICA DA MOEDA E DO CREDITO",9
79,SINDICATO NACIONAL DOS AUDITORES FISCAIS DA RECEITA FEDERAL DO BRASIL,9
80,SINDICATO NACIONAL DOS AUDITORES FISCAIS DO TRABALHO,9
81,PARTIDO DA MULHER BRASILEIRA,8
82,PARTIDO TRABALHISTA DO BRASIL,8
83,ASSOCIACAO DOS JUIZES FEDERAIS DO BRASIL,9
84,ASSOCIACAO DOS MAGISTRADOS BRASILEIROS,9
85,"CONFEDERACAO NACIONAL DO COMERCIO DE BENS, SERVICOS E TURISMO",9
86,GOVERNADORA DO ESTADO DE RORAIMA,5
87,ASSOCIACAO BRASILEIRA DE DEFESA DO CONSUMIDOR,9
88,CONFEDERACAO NACIONAL DA INDUSTRIA,9
89,MESA DO SENADO FEDERAL,2
90,GOVERNADOR DO ESTADO DO PARANA,5
91,ASSOCIACAO NACIONAL DAS DEFENSORAS E DEFENSORES PUBLICOS,9
92,ASSOCIACAO NACIONAL DOS TRANSPORTADORES DE PASSAGEIROS SOBRE TRILHOS-ANP-TRILHOS,9
93,CONFED BRASILEIRA DE TRABALHADORES POLICIAIS CIVIS,9
94,CONFEDERACAO DA AGRICULTURA E PECUARIA DO BRASIL,9
95,ESTADO DO CEARA,5
96,CONFEDERACAO NACIONAL DOS TRABALHADORES NA INDUSTRIA QUIMICA,9
97,FEDERACAO DOS EMPREGADOS DE AGENTES AUTONOMOS DO COMERCIO DO ESTADO DE SAO PAULO,9
98,SINDICATO NACIONAL DOS APOSENTADOS PENSIONISTAS E IDOSOS DA FORCA SINDICAL,9
99,ASSOCIACAO NACIONAL DE DEFESA DOS CONCURSOS PARA CARTORIOS,9
100,CONFEDERACAO NACIONAL DOS TRABALHADORES METALURGICOS,9
101,EDMEA FREITAS AMARAL NOGUEIRA,0
102,ODILON AMARAL NOGUEIRA,0
103,PARTIDO SOCIALISMO E LIBERDADE (P-SOL),8
104,ORDEM DOS ADVOGADOS DO BRASIL CONSELHO FEDERAL,7
105,ELISABETH REGINA,0
106,ESPOLIO DE ALCIDES MATTIUSO,0
107,CONFEDERACAO NACIONAL DAS PROFISSOES LIBERAIS,9
108,ASSOCIACAO BRASILEIRA DE DISTRIBUIDORES DE ENERGIA ELETRICA,9
109,GOVERNADOR DO ESTADO DO AMAPA,5
110,PARTIDO TRABALHISTA NACIONAL,8
111,MESA DIRETORA DA ASSEMBLEIA LEGISLATIVA DO ESTADO DO AMAZONAS,4
112,CONFEDERACAO NACIONAL DAS CARREIRAS TIPICAS DE ESTADO,9
113,ORDEM DOS POLICIAIS DO BRASIL,9
114,UNIAO DO POLICIAL RODOVIARIO DO BRASIL-CASA DO INSPETOR,9
115,ASSOCIACAO NACIONAL DOS MEMBROS DO MINISTERIO PUBLICO,9
116,DELITA MARIA MIRANDA MATOS,0
117,RICHARD OLIVEIRA DE ALENCAR,0
118,RODOLFO BEZERRA MATOS,0
119,"CONFEDERACAO NACIONAL DOS SERVIDORES E FUNCIONARIOS PUBLICOS DAS FUNDACOES, AUTARQUIAS E PREFEITURAS MUNICIPAIS",9
120,PROCURADOR-GERAL DA REPUBICA,6
121,GOVERNADOR DO ESTADO DO RIO GRANDE DO SUL,5
122,MUNICIPIO DE BELEM,0
123,GOVERNADOR DO ESTADO DE ALAGOAS,5
124,ASSOCIACAO BRASILEIRA DE LOTERIAS ESTADUAIS,9
125,PROCURADORA-GERAL DA REPUBLICA,6
126,UNIAO GERAL DOS TRABALHADORES,9
127,CONFEDERACAO NACIONAL DE SAUDE,9
128,GOVERNADOR DO ESTADO DE SANTA CATARINA,5
129,CENTRO ACADEMICO HUGO SIMAS,0
130,SINDICATO DOS ARQUITETOS E URBANISTAS NO ESTADO DO PARANA,9
131,SINDICATO DOS SERV DO MAGISTERIO MUNICIPAL DE CURITIBA,9
132,PARTIDO RENOVADOR TRABALHISTA BRASILEIRO,8
133,PARTIDO REPUBLICANO PROGRESSISTA-PRP,8
134,PODEMOS-NACIONAL,8
135,REPUBLICANOS,8
136,DEMOCRATAS DIRETORIO MUNICIPAL DE CAMPO GRANDE MS,8
137,ASSOCIACAO BRASILEIRA DE INCORPORADORAS IMOBILIARIAS,9
138,ASSOCIACAO BRASILEIRA DE CITRICULTORES,9
139,MESA DA CAMARA DOS DEPUTADOS,3
140,ABRADEE ASSOCIACAO BRASILEIRA DISTRIB ENERGIA ELETRICA,9
141,GOVERNADOR DO ESTADO DO MARANHAO,5
142,FEDERACAO BRASILEIRA DAS ASSOCIACOES DE CRIADORES DE ANIMAIS DE RACA,9
143,ASSOCIACAO BRASILEIRA DOS ADVOGADOS CRIMINALISTAS,9
144,INSTITUTO ANJOS DA LIBERDADE,0
145,CONFEDERACAO NACIONAL DOS TRABALHADORES DO RAMO FINANCEIRO,9
146,GOVERNADOR DO ESTADO DE GOIAS,5
147,GOVERNADOR DO ESTADO DE MATO GROSSO,5
148,GOVERNADOR DO ESTADO DE MATO GROSSO DO SUL,5
149,GOVERNADOR DO ESTADO DE MINAS GERAIS,5
150,GOVERNADOR DO ESTADO DE PERNAMBUCO,5
151,GOVERNADOR DO ESTADO DE RONDONIA,5
152,GOVERNADOR DO ESTADO DE RORAIMA,5
153,GOVERNADOR DO ESTADO DE TOCANTINS,5
154,GOVERNADOR DO ESTADO DO ACRE,5
155,GOVERNADOR DO ESTADO DO AMAZONAS,5
156,GOVERNADOR DO ESTADO DO CEARA,5
157,GOVERNADOR DO ESTADO DO PARA,5
158,GOVERNADOR DO ESTADO DO RIO GRANDE DO NORTE,5
159,ASSOCIACAO DE AGRIMENSURA DO OESTE DE MINAS GERAIS,9
160,"ASSOCIACAO NACIONAL DE LESBICAS, GAYS, BISSEXUAIS, TRAVESTIS, TRANSEXUAIS E INTERSEXOS",9
161,PARTIDO SOCIAL CRISTAO-PSC,8
162,SINDICATO NACIONAL DAS EMPRESAS DE AVIACAO AGRICOLA,9
163,AMERICO FIGUEIREDO DE SOUZA,0
164,ESTADO DE SANTA CATARINA,5
165,EVELY BERNADETH DE ARAUJO SADO,0
166,ASSOCIACAO NACIONAL DOS SERVIDORES DO MINISTERIO PUBLICO,9
167,PARTIDO REPUBLICANO DA ORDEM SOCIAL,8
168,INSTITUTO BRASILEIRO DAS ORGANIZACOES SOCIAIS DE SAUDE,0
169,FEDERACAO NACIONAL DOS ADVOGADOS,9
170,ASSOCIACAO DOS SERVIDORES DA SEGURANCA PUBLICA E PRIVADA DO BRASIL,9
171,ASSOCIACAO BRASILEIRA DE PIROTECNIA,9
172,PARTIDO DEMOCRATICO TRABALHISTA DIRETORIO ESTADUAL,8
173,ASSOCIACAO BRASILEIRA DAS EMPRESAS DE TRANSPORTE TERRESTRE DE PASSAGEIROS,9
174,CONF NACIONAL TRAB EM TRANSPORTES TERRESTRES,9
175,PARTIDO VERDE,8
176,CONFEDERACAO NACIONAL DOS TRABALHADORES EM EDUCACAO,9
177,ESTADO DA PARAIBA,5
178,CENTRAL NACIONAL DE ENTIDADES REPRESENTATIVAS DOS BENEFICIARIOS DA SEGURIDADE SOCIAL,9
179,HELY ADALBERTO HERNANDES,0
180,EDUARDO ALUISIO CARDOSO ABRAHAO,0
181,ASSOCIACAO BRASILEIRA DE CONCESSIONARIAS DE SERVICO TELEFONICO FIXO COMUTADO,9
182,ASSOCIACAO NACIONAL DAS OPERADORAS CELULARES,9
183,CONFEDERACAO NACIONAL DE INFORMACAO E COMUNICACAO AUDIOVISUAL,9
184,JORGE JOIA JUNIOR,0
185,ASSOCIACAO BRASILEIRA DE EMISSORAS DE RADIO E TV,9
186,SINDICATO DOS SERVIDORES MUNICIPAIS DE SANTAREM,9
187,FEDERACAO NACIONAL DAS ASSOCIACOES QUILOMBOLAS,9
188,PARTIDO COMUNISTA DO BRASIL PC DO B,8
189,VICE-GOVERNADORA DO ESTADO DE SERGIPE,5
190,PARTIDO LIBERAL,8
191,ASSOCIACAO NACIONAL DOS EX-CABOS DA FORCA AEREA BRASILEIRA,9
192,PODEMOS,8
193,"ASSOCIACAO BRASILEIRA DA INDUSTRIA DE ARTIGOS E EQUIPAMENTOS MEDICOS, ODONTOLOGICOS, HOSPITALARES E DE LABORATORIOS",9
194,ASSOCIACAO NACIONAL DE ALTOS ESTUDOS EM GUARDA MUNICIPAL,9
195,CONSELHO NACIONAL DAS GUARDAS MUNICIPAIS,9
196,ASSOCIACAO NACIONAL DAS CORRETORAS E DISTRIBUIDORAS DE TITULOS E VALORES MOBILIARIOS CAMBIO E MERCADORIAS,9
197,ASSOCIACAO NACIONAL DOS PROCURADORES E DAS PROCURADORAS DO TRABALHO,9
198,FEDERACAO NACIONAL DO FISCO ESTADUAL E DISTRITAL,9
199,ASSOCIACAO NACIONAL DE MEMBROS DO MINISTERIO PUBLICO PRO-SOCIEDADE,9
200,DIRETORIO NACIONAL DO PROGRESSISTAS,8
201,GOVERNADOR DO ESTADO DO ESPIRITO SANTO,5
202,ABLA ASSOCIACAO BRASILEIRA DAS LOCADORAS DE AUTOMOVEIS,9
203,"SINDICATO DOS PROFISSIONAIS DO SETOR DA BELEZA, COSMETICOS, TERAPIAS COMPLEMENTARES, ARTE-EDUCACAO E SIMILARES",9
204,CNTUR CONFEDERACAO NACIONAL DE TURISMO,9
205,MDB BRUMADINHO,8
206,"ASSOCIACAO BRASILEIRA INTERESTADUAL DE TURISMO, TRANSPORTE TERRESTRES E CARGA",9
207,AELO-ASSOCIACAO DAS EMPRESAS DE LOTEAMENTO E DESENVOLVIMENTO URBANO,9
208,ASSOCIACAO BRASILEIRA DE JURISTAS PELA DEMOCRACIA,9
209,ASSOCIACAO NACIONAL DE JURISTAS EVANGELICOS,9
210,DIRETORIO NACIONAL DO PARTIDO TRABALHISTA BRASILEIRO,8
211,PARTIDO DO MOVIMENTO DEMOCRATICO BRASILEIRO,8
212,CONSELHO DE REITORES DAS UNIVERSIDADES BRASILEIRAS,9
213,CONFEDERACAO NACIONAL DOS TRABALHADORES NA SAUDE,9
214,FEDERACAO NACIONAL DOS FARMACEUTICOS,9
215,ARTICULACAO DOS POVOS INDIGENAS DO BRASIL (APIB),9
216,PARTIDO TRABALHISTA BRASILEIRO,8
217,ASSOCIACAO BRASILEIRA DAS INDUSTRIAS DE PESCADOS,9
218,ASSOCIACAO BRASILEIRA DAS INDUSTRIAS EXPORTADORAS DE CARNES,9
219,ASSOCIACAO BRASILEIRA DE PROTEINA ANIMAL,9
220,CONFEDERACAO NACIONAL DO SISTEMA FINANCEIRO-CONSIF,9
221,ASSOCIACAO DOS NOTARIOS E REGISTRADORES DO BRASIL,9
222,PODEMOS NACIONAL,8
223,CARLOS ALEXANDRE KLOMFAHS,0
224,TELCOMP ASSOCIACAO BRASILEIRA DAS PRESTADORAS DE SERVICOS DE TELECOMUNICACOES COMPETITIVAS,9
225,ASSOCIACAO BRASILEIRA DAS PRESTADORAS DE SERVICOS DE TELECOMUNICACOES COMPETITIVAS,9
226,DIRETORIO NACIONAL,8
227,ASSOCIACAO NACIONAL DOS PROCURADORES DA REPUBLICA,9
228,COORDENACAO NACIONAL DE ARTICULACAO DAS COMUNIDADES NEGRAS RURAIS QUILOMBOLAS (CONAQ),9
229,ASSOCIACAO DOS DELEGADOS DE POLICIA DO BRASIL,9
230,PROCURADORIA-GERAL DA REPUBLICA,6
231,GOVERNADORA DO ESTADO DO RIO GRANDE DO NORTE,5
232,APLB/SINDICATO DOS TRABALHADORES EM EDUCACAO DO ESTADO DA BAHIA/DELEGACIA SINDICAL DO SERTAO NORTE,9
233,JEFFERSON AMAURI DE SIQUEIRA,0
234,CONFEDERACAO NACIONAL DOS TRABALHADORES E TRABALHADORAS NA AGRICULTURA FAMILIAR DO BRASIL,9
235,CONFEDERACAO NACIONAL DOS TRABALHADORES RURAIS AGRICULTORES E AGRICULTORAS FAMILIARES,9
236,ASSOCIACAO BRASILEIRA DE SHOPPING CENTERS,9
237,ASSOCIACAO EDUARDO BANKS,9
238,ASSOCIACAO NACIONAL DA INDUSTRIA DE PNEUMATICOS,9
239,PARTIDO PATRIOTA,8
240,ABREDIF ASSOCIACAO BRASILEIRA DE EMPRESAS E DIRETORES FUNERARIOS,9
241,ASSOCIACAO NACIONAL DOS ATINGIDOS POR BARRAGENS,9
242,CENTRO DE ALTERNATIVAS SOCIOECONOMICAS DO CERRADO,9
243,MOVIMENTO PELA SOBERANIA POPULAR NA MINERACAO,9
244,ESTADO DO ESPIRITO SANTO,5
245,CENTRAL UNICA DOS TRABALHADORES-CUT,9
246,CONFEDERACAO DOS TRABALHADORES NO SERVICO PUBLICO FEDERAL,9
247,CONFEDERACAO DOS TRABALHADORES NO SERVICO PUBLICO MUNICIPAL-CUT,9
248,CONFEDERACAO NACIONAL DOS METALURGICOS/CUT,9
249,DIRETORIO NACIONAL DO PARTIDO REPUBLICANO DA ORDEM SOCIAL,8
250,CONSELHO NACIONAL DE PASTORES DO BRASIL,9
251,ASSOCIACAO BRASILEIRA DOS MEMBROS DO MINISTERIO PUBLICO DE MEIO AMBIENTE,9
252,ASSOCIACAO BRASILEIRA DAS ENTIDADES FECHADAS DE PREVIDENCIA COMPLEMENTAR,9
253,MOVIMENTO DEMOCRATICO BRASILEIRO,8
254,ASSOCIACAO BRASILEIRA DA REDE UNIDA,9
255,ASSOCIACAO BRASILEIRA DE ENFERMAGEM,9
256,ASSOCIACAO BRASILEIRA DE SAUDE COLETIVA (ABRASCO),9
257,ASSOCIACAO BRASILEIRA ORGANIZACOES NAO GOVERNAMENTAIS,9
258,CENTRAL DOS TRABALHADORES E TRABALHADORAS DO BRASIL,9
259,CENTRO BRASILEIRO DE ESTUDOS DE SAUDE,9
260,CONFEDERACAO NACIONAL DOS TRABALHADORES NO COMERCIO E SERVICOS DA CUT,9
261,CONFEDERACAO NACIONAL DOS TRABALHADORES PUBLICOS MUNICIPAIS,9
262,MOVIMENTO DE REINTEGRACAO DAS PESSOAS ATINGIDAS PELA HANSENIASE,9
263,NOVA CENTRAL SINDICAL DE TRABALHADORES,9
264,SINDICATO DOS SERVIDORES DO SISTEMA NACIONAL DE AUDITORIA DO SUS,9
265,CONFEDERACAO NACIONAL DOS TRABALHADORES EM ESTABELECIMENTOS DE EDUCACAO E CULTURA,9
266,ASSOCIACAO BRASILEIRA DE IMPRENSA,9
267,MESA DIRETORA DA ASSEMBLEIA LEGISLATIVA DO ESTADO DO RIO DE JANEIRO,4
268,ESTADO DO RIO GRANDE DO SUL,5
269,DIRETORIO NACIONAL DO PARTIDO DOS TRABALHADORES,8
270,ASSOCIACAO DOS FUNCIONARIOS DO IPEA,9
271,ASSOCIACAO DAS EMPRESAS DE ESTACIONAMENTOS PRIVADOS DE VITORIA DA CONQUISTA,9
272,FEDERACAO DAS FRATERNIDADES CRISTAS DE PESSOAS COM DEFICIENCIA DO BRASIL FCD/BR,9
273,ORGANIZACAO NACIONAL DE CEGOS DO BRASIL,9
274,ORGANIZACAO NACIONAL DE ENTIDADES DE DEFICIENTES FISICO,9
275,GOVERNADOR DO ESTADO DE SAO PAULO,5
276,*SEGREDO DE JUSTICA*,0
277,EDUCAFRO,9
278,UNIAO BRASILEIRA DOS ESTUDANTES SECUNDARISTAS,9
279,UNIAO NACIONAL DOS ESTUDANTES,9
280,ASSOCIACAO NACIONAL DOS USUARIOS DO TRANSPORTE DE CARGA,9
281,ASSOCIACAO NACIONAL DE ADVOGADOS ANIMALISTAS,9
282,DEFENSORIA PUBLICA DA UNIAO,0
283,ASSOCIACAO BRASILEIRA DAS INDUSTRIAS DE OLEOS VEGETAIS,9
284,FORCA SINDICAL,9
285,PARTIDO NOVO,8
286,"CONFEDERACAO NACIONAL DOS TRABALHADORES EM TRANSPORTE AQUAVIARIO E AEREO, NA PESCA E NOS PORTOS",9
287,CONFEDERACAO NACIONAL DOS TRABALHADORES EM TRANSPORTES TERRESTRES,9
288,CONFEDERACAO NACIONAL DOS TRABALHADORES EM TURISMO E HOSPITALIDADE,9
289,CONFEDERACAO NACIONAL DOS TRABALHADORES NAS INDUSTRIAS DE ALIMENTACAO E AFINS,9
290,CENTRAL DO SERVIDOR,9
291,CLOVIS BOTELHO DA SILVA,0
292,ESPOLIO DE CAETANO LUIZ DE MOURA,0
293,ESPOLIO DE MARIA HELENA PEREIRA BARBOSA,0
294,JANETE DE OLIVEIRA DA SILVA,0
295,MARIA DE LOURDES DA SILVA,0
296,MARIA DOS PRAZERES DA SILVA,0
297,MARIA FERREIRA LIMA,0
298,NEUZA VIEIRA DE OLIVEIRA,0
299,RACHEL LUCY LIMA SIPAUBA,0
300,OBSERVATORIO NACIONAL DA ADVOCACIA,9
301,ADRIANA MANGABEIRA WANDERLEY,0
302,FEDERACAO BRASILEIRA DAS ASSOCIACOES DE SINDROME DE DOWN,9
303,LCM LOGICA DE COMUNICACAO LTDA,0
304,RACHEL LUCY KIMA SIPAUBA,0
305,CENTRAL UNICA DOS TRABALHADORES,9
306,CONFEDERACAO BRASILEIRA DEMOCRATICA DOS TRABALHADORES NAS INDUSTRIAS DA ALIMENTACAO DA CUT/CONTAC,9
307,CONFEDERACAO NACIONAL DOS METALURGICOS DA CUT,9
308,ASSOCIACAO COMERCIAL DO AMAZONAS,9
309,UNIAO BRASIL,8
310,ASSOCIACAO FEDERAL DOS OFICIAIS DE JUSTICA DO BRASIL,9
311,ORDEM DOS ADVOGADOS CONSERVADORES DO BRASIL,9
312,PREFEITO MUNICIPAL DE TUPACIGUARA,0
313,MOVIMENTO DOS TRABALHADORES SEM TETO,9
314,ASSOCIACAO BRASILEIRA DE GERACAO DE ENERGIA LIMPA,9
315,INSTITUTO BRASILEIRO DE DEFESA DO CONSUMIDOR (“IDEC”),9
316,SOCIEDADE BRASILEIRA DE BIOETICA,9
317,ARTICULACAO DOS POVOS E ORGANIZACOES INDIGENAS DO BRASIL,9
318,ASSOCIACAO DOS MEMBROS DOS TRIBUNAIS DE CONTAS D BRASIL,9
319,"SINDICATO NACIONAL DOS APOSENTADOS,PENSIONISTA E IDOSOS",9
320,ASSOCIACAO DOS GUARDAS MUNICIPAIS DO BRASIL,9
321,ESTADO DO AMAZONAS,5
322,"CONFEDERACAO NACIONAL DOS SERVIDORES E FUNCIONARIOS PUBLICOS DE FUNDACOES, AUTARQUIAS E PREFEITURAS MUNICIPAIS",9
323,CONSELHO REGIONAL DOS TECNICOS INDUSTRIAIS DA 3 REGIAO,9
324,A CONFEDERACAO DOS SERVIDORES PUBLICOS DO BRASIL,9
325,ASSOCIACAO BRASILEIRA DE DEFESA DOS USUARIOS DA INTERNET,9
326,ESTADO DE PERNAMBUCO,5
327,ALCEU FLORENTINO BUENO,0
328,EMPRESA DE PEQUENO PORTE,0
329,CONFEDERACAO NACIONAL DOS ESTABELECIMENTOS DE ENSINO (CONFENEN),9
330,ASSOCIACAO NACIONAL DOS PROCURADORES MUNICIPAIS,9
331,ASSOCIACAO BRASILEIRA DE BEBIDAS ABRABE,9
332,VALDOMIRO DA CRUZ NASCIMENTO FILHO,0
333,SINDICATO NACIONAL DOS TRABALHADORES APOSENTADOS E PENSIONISTAS E IDOSOS (SINTAPI-CUT),9
334,ASSOCIACAO BRASILEIRA DAS MANTENEDORAS DE FACULDADES,9
335,SINDICATO DOS TRABALHADORES NO SERVICO PUBLICO DO MUNICIPIO DE ITUIUTABA,9
336,ASSOCIACAO BRASILEIRA DE INFRAESTRUTURA PARA TELECOMUNICACOES,9
337,GRUPO MULHERES DO BRASIL,9
338,ASSOCIACAO NACIONAL DOS AUDITORES DE CONTROLE EXTERNO DOS TRIBUNAIS DE CONTAS DO BRASIL,9
339,"ASSOCIACAO NACIONAL DE DEFESA DOS AGRICULTORES, PECUARISTAS E PRODUTORES DA TERRA",9
340,ASSOCIACAO DOS DIPLOMATAS BRASILEIROS,9
341,CONFEDERACAO NACIONAL DA COMUNICACAO SOCIAL,9
342,ASSOCIACAO BRASILEIRA DAS EMPRESAS DE ELEVADORES,9
343,CONFEDERACAO NACIONAL DE NOTARIOS E REGISTRADORES,9
344,MINISTERIO PUBLICO FEDERAL,6
345,ASSEMBLEIA LEGISLATIVA DO ESTADO DE ALAGOAS,4
346,ESTADO DO RIO DE JANEIRO,5
347,ASSOCIACAO NACIONAL DE GUARDAS MUNICIPAIS DO BRASIL,9
348,ASSOCIACAO NACIONAL DE ALTOS ESTUDOS DE GUARDA MUNICIPAL,9
349,"SINDICATO DOS SERVIDORES PUBLICOS DA ADMINISTRACAO DIRETA, INDIRETA E PODER LEGISLATIVO DE MONTES CLAROS",9
350,ASSOCIACAO NACIONAL DE EX SOLDADOS ESPECIALIZADOS,9
351,CONSORCIO INTERMUNICIPAL DE SAUDE NA REGIAO METROPOLITANA DE CAMPINAS,0
352,ALIANCA NACIONAL LGBTI,9
353,ASSOCIACAO BRASILEIRA DE FAMILIAS HOMOAFETIVAS,9
354,JEFERSON DE OLIVEIRA MAGALHAES,0
355,PREFEITO DO MUNICIPIO DE SANTO ANTONIO DO DESCOBERTO,0
356,ASSOCIACAO NACIONAL DA ADVOCACIA CRIMINAL,9
357,ASSOCIACAO NACIONAL DE FISCAIS E AUDITORES FISCAIS DE ATIVIDADES URBANAS,9
358,ASSOCIACAO DOS MILITARES DA ANISTIA DAS FORCAS ARMADAS,9
359,JOHNNY DA SILVA OLIVEIRA LIMA,0
360,CONSELHO FEDERAL DE BIOMEDICINA,9
361,ASSOCIACAO NACIONAL DE  TRAVESTIS E TRANSEXUAIS,9
362,INSTITUTO BRASILEIRO DE MINERACAO IBRAM,0
363,ESTADO DE MINAS GERAIS,5
364,ASSOCIACAO BRASILEIRA DE BIOMEDICINA,9
365,ASSOCIACAO BRASILEIRA DOS ESTUDANTES DE EDUCACAO A DISTANCIA,9
366,FORUM NACIONAL DE PESSOAS TRAVESTIS E TRANSEXUAIS NEGRAS E NEGROS,9
367,WILLIAM MARQUES RABELO,0
